175 180 173 0 176 181 172 0 178 184 172 0 179 183 172 0 180 184 173 0 180 184 172 0 179 184 173 0 179 185 174 0 179 185 174 0 179 185 174 0 180 185 174 0 180 185 174 0 179 184 174 0 179 185 174 0 180 186 175 0 180 186 175 0 181 187 176 0 181 187 176 0 180 187 176 0 181 187 176 0 181 187 176 0 182 188 177 0 181 188 177 0 180 188 177 0 180 188 176 0 181 189 176 0 181 189 176 0 180 189 176 0 180 189 176 0 181 190 177 0 180 189 176 0 181 190 177 0 180 190 175 0 180 190 174 0 180 189 175 0 181 190 177 0 181 190 177 0 181 190 177 0 181 190 177 0 181 190 177 0 180 190 177 0 181 191 178 0 181 191 177 0 181 192 176 0 182 193 177 0 182 193 177 0 183 194 177 0 184 195 178 0 185 195 178 0 186 195 178 0 186 196 179 0 185 195 178 0 186 197 179 0 185 197 178 0 184 198 179 0 186 198 178 0 186 198 179 0 187 199 181 0 187 199 180 0 188 199 180 0 187 200 179 0 186 202 179 0 186 201 179 0 188 200 180 0 190 200 182 0 190 201 181 0 189 201 182 0 189 201 183 0 190 201 184 0 190 201 184 0 190 201 184 0 189 201 182 0 190 202 185 0 190 202 185 0 190 202 184 0 190 202 182 0 191 202 184 0 190 203 184 0 190 203 184 0 190 203 184 0 190 203 185 0 190 203 185 0 191 203 185 0 191 202 184 0 189 203 183 0 189 203 182 0 189 202 182 0 184 194 178 0 127 134 122 0 124 130 114 0 159 165 144 0 148 154 133 0 139 146 129 0 138 146 131 0 131 137 124 0 137 141 125 0 150 152 135 0 166 168 147 0 182 185 164 0 167 170 154 0 119 123 112 0 155 161 147 0 156 164 149 0 162 169 154 0 184 191 177 0 185 195 180 0 183 193 180 0 151 161 147 0 107 115 102 0 91 98 86 0 86 91 82 0 81 84 76 0 85 88 80 0 83 86 76 0 86 91 81 0 92 97 89 0 85 87 80 0 80 85 74 0 75 81 67 0 77 80 69 0 74 78 69 0 88 96 87 0 99 105 102 0 100 106 104 0 100 107 104 0 96 105 100 0 100 112 108 0 126 142 138 0 
176 180 172 0 178 182 173 0 179 183 173 0 179 183 173 0 180 183 174 0 180 184 174 0 179 184 173 0 179 185 174 0 179 185 174 0 179 184 174 0 179 184 174 0 181 184 173 0 181 185 174 0 180 185 174 0 179 185 174 0 179 185 174 0 180 186 175 0 179 186 175 0 179 186 175 0 181 186 175 0 182 187 176 0 181 187 176 0 179 187 176 0 181 188 177 0 182 189 176 0 181 189 176 0 180 189 176 0 180 189 176 0 180 189 176 0 180 189 176 0 180 190 177 0 180 190 177 0 180 189 176 0 180 189 175 0 180 189 176 0 181 190 177 0 181 190 177 0 181 190 177 0 181 190 176 0 181 191 175 0 180 191 176 0 181 190 178 0 181 191 178 0 181 191 177 0 181 193 176 0 182 194 176 0 183 195 177 0 184 196 178 0 184 196 178 0 185 196 178 0 186 196 179 0 185 197 179 0 186 198 178 0 187 198 179 0 185 197 179 0 186 198 179 0 186 198 178 0 187 199 179 0 187 199 179 0 188 199 179 0 188 200 180 0 189 201 181 0 187 201 180 0 188 200 180 0 189 201 182 0 189 201 182 0 189 201 182 0 190 202 183 0 190 202 183 0 190 202 182 0 190 203 183 0 190 202 184 0 190 202 185 0 190 202 184 0 190 202 184 0 191 203 184 0 191 203 185 0 190 203 184 0 191 203 185 0 191 203 186 0 190 204 185 0 191 204 185 0 191 203 183 0 191 203 183 0 191 203 183 0 190 202 184 0 193 204 189 0 138 146 134 0 91 96 85 0 129 134 118 0 158 165 143 0 157 164 141 0 161 167 148 0 170 176 159 0 150 155 138 0 140 146 126 0 146 149 130 0 184 186 164 0 178 181 159 0 167 171 152 0 136 141 126 0 146 152 136 0 145 153 136 0 148 156 138 0 158 166 149 0 176 183 171 0 158 167 155 0 121 131 112 0 91 99 81 0 83 88 75 0 86 90 79 0 106 110 99 0 117 121 109 0 84 88 79 0 79 83 75 0 77 82 73 0 72 75 67 0 74 78 69 0 74 78 70 0 75 79 70 0 71 74 65 0 87 94 87 0 95 104 101 0 96 107 104 0 101 110 107 0 105 112 110 0 136 142 141 0 173 183 181 0 
178 181 172 0 179 183 172 0 179 183 172 0 180 183 175 0 180 183 175 0 180 184 175 0 180 184 174 0 178 184 173 0 179 184 173 0 181 185 174 0 181 185 174 0 181 185 174 0 178 184 173 0 178 183 173 0 179 185 174 0 180 186 175 0 181 187 176 0 180 186 175 0 179 185 174 0 179 185 174 0 180 186 175 0 180 186 175 0 179 187 176 0 179 187 177 0 180 189 177 0 180 188 176 0 180 188 177 0 180 189 176 0 180 189 176 0 181 189 176 0 182 190 177 0 182 190 177 0 180 189 176 0 181 190 177 0 181 190 177 0 181 191 175 0 181 191 175 0 181 191 176 0 180 191 175 0 180 191 175 0 180 191 175 0 181 192 176 0 181 192 177 0 181 192 177 0 182 193 177 0 183 194 178 0 183 195 177 0 184 197 178 0 184 196 178 0 185 197 179 0 185 197 179 0 185 197 179 0 186 198 180 0 187 199 181 0 186 198 179 0 187 199 179 0 187 199 179 0 188 199 180 0 188 200 181 0 188 200 180 0 188 200 180 0 189 201 181 0 189 201 181 0 189 201 181 0 189 202 182 0 190 202 182 0 190 202 181 0 190 202 182 0 190 202 182 0 191 203 184 0 191 203 186 0 191 203 184 0 191 203 184 0 191 203 184 0 191 203 185 0 191 204 185 0 190 204 185 0 189 204 184 0 190 205 184 0 190 205 184 0 190 205 185 0 190 204 185 0 191 205 184 0 191 205 184 0 189 202 182 0 195 208 189 0 154 164 149 0 83 90 75 0 103 108 92 0 150 157 139 0 172 179 159 0 158 165 144 0 159 165 147 0 164 169 154 0 153 158 145 0 139 144 129 0 129 134 115 0 165 168 147 0 163 165 143 0 184 188 165 0 153 156 140 0 146 149 137 0 132 138 126 0 132 140 126 0 141 148 132 0 141 149 132 0 110 121 104 0 82 90 76 0 81 84 72 0 102 107 96 0 120 126 115 0 129 135 123 0 99 104 90 0 70 75 62 0 70 74 63 0 72 75 65 0 71 73 66 0 74 76 72 0 74 78 71 0 70 73 66 0 70 73 69 0 82 88 86 0 87 101 98 0 95 111 108 0 100 115 111 0 113 126 123 0 155 165 163 0 186 197 196 0 
177 182 171 0 178 183 173 0 178 182 173 0 180 183 174 0 179 184 175 0 178 184 174 0 179 185 174 0 179 185 174 0 180 185 174 0 180 184 174 0 180 185 174 0 179 184 174 0 179 185 174 0 182 189 177 0 173 180 165 0 163 170 158 0 166 173 164 0 175 183 173 0 184 190 180 0 181 188 178 0 178 186 176 0 178 186 175 0 179 187 176 0 179 188 176 0 180 188 176 0 180 188 177 0 180 188 177 0 180 189 176 0 180 189 176 0 181 189 175 0 182 189 175 0 181 190 177 0 180 190 177 0 181 190 177 0 181 190 176 0 181 191 175 0 180 191 175 0 181 191 176 0 181 191 175 0 180 191 175 0 181 191 175 0 181 192 176 0 182 192 177 0 182 193 177 0 182 193 177 0 183 194 178 0 183 194 177 0 185 196 178 0 185 197 179 0 185 197 179 0 185 197 179 0 186 198 178 0 186 198 179 0 187 199 180 0 187 199 179 0 187 199 179 0 187 200 179 0 187 201 181 0 187 201 183 0 188 201 182 0 189 201 181 0 189 202 182 0 189 201 181 0 189 201 181 0 190 202 182 0 190 202 182 0 190 203 182 0 190 203 182 0 191 203 183 0 192 204 183 0 191 203 184 0 191 203 184 0 191 204 184 0 191 204 184 0 192 204 184 0 192 204 185 0 191 205 185 0 191 206 185 0 191 206 185 0 191 205 184 0 190 205 184 0 190 206 185 0 191 206 185 0 189 205 184 0 189 204 184 0 189 201 183 0 102 110 94 0 92 97 82 0 102 107 91 0 153 157 139 0 164 170 148 0 137 144 124 0 146 152 135 0 153 158 144 0 132 138 122 0 120 128 111 0 127 135 117 0 143 149 128 0 153 156 135 0 167 170 149 0 164 165 146 0 150 154 136 0 128 133 118 0 135 141 128 0 134 141 127 0 109 117 101 0 89 96 83 0 73 79 69 0 78 84 74 0 104 112 101 0 101 110 99 0 84 92 82 0 68 73 63 0 65 69 57 0 67 70 60 0 74 76 69 0 74 78 71 0 70 75 69 0 68 74 65 0 69 73 65 0 73 78 74 0 83 90 88 0 93 102 101 0 97 110 108 0 98 115 112 0 126 140 138 0 172 182 179 0 221 232 228 0 
177 181 173 0 178 183 174 0 178 183 174 0 179 183 173 0 179 185 173 0 179 185 174 0 180 185 174 0 179 184 173 0 180 184 173 0 180 185 174 0 179 184 173 0 180 185 175 0 178 184 173 0 133 138 126 0 109 113 97 0 105 111 95 0 102 108 96 0 120 127 116 0 151 158 146 0 163 171 159 0 172 181 168 0 183 191 180 0 179 187 176 0 179 187 176 0 180 188 177 0 180 189 176 0 180 189 176 0 180 189 176 0 180 189 176 0 180 189 175 0 180 190 176 0 180 190 177 0 180 190 177 0 181 190 176 0 180 191 175 0 180 191 175 0 180 191 175 0 180 191 175 0 180 191 175 0 181 192 176 0 181 192 175 0 181 192 176 0 182 194 177 0 182 193 176 0 182 195 176 0 183 195 176 0 184 195 177 0 185 196 179 0 185 197 179 0 185 197 179 0 186 198 180 0 187 199 179 0 187 199 179 0 187 199 179 0 187 199 179 0 186 200 179 0 186 200 180 0 187 201 181 0 187 201 181 0 187 202 181 0 187 202 181 0 188 202 181 0 189 202 182 0 190 202 182 0 191 203 183 0 189 203 182 0 188 203 182 0 190 204 185 0 192 204 186 0 193 205 186 0 192 204 185 0 191 204 184 0 191 204 184 0 193 204 185 0 193 205 185 0 192 206 185 0 191 206 184 0 191 206 184 0 191 207 184 0 193 206 184 0 192 206 183 0 193 206 185 0 191 206 185 0 189 203 183 0 198 211 191 0 151 161 143 0 84 89 76 0 95 98 86 0 89 92 77 0 138 142 122 0 171 175 156 0 128 133 117 0 152 158 142 0 164 171 153 0 134 140 123 0 114 121 103 0 121 128 109 0 142 149 129 0 161 164 143 0 156 158 136 0 172 175 154 0 135 141 121 0 133 141 123 0 131 139 124 0 107 115 102 0 86 93 81 0 89 95 84 0 87 92 83 0 83 88 80 0 82 85 78 0 80 84 74 0 68 72 61 0 67 70 60 0 69 71 64 0 69 72 65 0 74 77 72 0 76 81 75 0 68 75 69 0 65 73 68 0 69 75 72 0 84 91 91 0 87 94 97 0 94 104 106 0 96 111 109 0 109 127 121 0 146 159 152 0 183 191 183 0 190 197 188 0 
178 182 173 0 177 182 173 0 179 184 174 0 179 183 175 0 178 184 175 0 179 184 174 0 179 184 173 0 179 185 173 0 181 185 174 0 179 183 173 0 180 187 174 0 182 188 173 0 138 142 125 0 102 105 88 0 102 105 87 0 100 106 86 0 87 93 75 0 80 85 69 0 93 98 80 0 111 118 98 0 109 118 99 0 140 149 134 0 176 184 172 0 182 190 179 0 179 187 175 0 180 189 176 0 180 189 176 0 181 189 177 0 181 189 177 0 181 190 177 0 181 190 177 0 181 190 177 0 181 191 175 0 181 191 176 0 180 191 176 0 180 191 176 0 181 191 176 0 181 191 175 0 181 192 176 0 181 192 176 0 181 193 175 0 181 193 175 0 182 194 176 0 183 195 176 0 183 195 177 0 184 196 176 0 184 196 176 0 185 197 177 0 186 198 178 0 186 198 178 0 186 199 178 0 186 200 179 0 187 200 179 0 187 201 179 0 187 202 180 0 187 201 180 0 187 201 180 0 189 202 181 0 190 203 181 0 189 202 180 0 189 203 181 0 189 204 181 0 190 203 182 0 190 203 182 0 189 204 183 0 190 205 183 0 190 204 185 0 191 204 187 0 193 205 187 0 193 205 187 0 193 205 187 0 193 205 187 0 193 205 187 0 193 205 188 0 192 206 186 0 192 206 186 0 192 207 187 0 192 207 185 0 192 208 185 0 192 207 185 0 192 207 185 0 191 207 185 0 191 207 184 0 192 205 184 0 195 207 188 0 105 114 98 0 86 91 76 0 86 92 76 0 93 98 81 0 140 145 125 0 157 162 142 0 124 130 111 0 150 157 137 0 154 160 140 0 117 123 106 0 121 126 112 0 141 146 130 0 150 154 134 0 148 151 128 0 164 167 145 0 151 157 134 0 150 158 136 0 125 133 114 0 100 106 90 0 95 100 87 0 94 100 87 0 102 110 96 0 94 100 88 0 83 86 76 0 87 91 81 0 87 92 82 0 70 74 66 0 69 72 68 0 73 75 72 0 73 78 75 0 74 80 76 0 74 78 73 0 70 74 67 0 71 75 70 0 75 79 76 0 90 98 96 0 92 99 100 0 98 109 109 0 97 112 111 0 115 132 128 0 126 140 131 0 113 123 112 0 94 104 95 0 
177 182 173 0 178 183 174 0 178 183 174 0 179 184 175 0 179 184 175 0 179 185 174 0 179 185 174 0 179 185 175 0 179 185 174 0 181 186 176 0 177 181 169 0 132 137 119 0 105 110 89 0 109 115 94 0 113 120 98 0 114 122 100 0 101 109 89 0 86 91 75 0 80 83 69 0 86 88 74 0 90 94 79 0 93 100 85 0 118 126 113 0 169 177 166 0 183 192 179 0 178 187 175 0 180 190 178 0 180 190 178 0 180 190 177 0 180 190 178 0 180 190 178 0 181 190 177 0 180 191 176 0 181 190 176 0 180 190 176 0 180 191 177 0 181 191 177 0 181 192 177 0 181 192 176 0 181 192 176 0 181 193 176 0 181 194 176 0 182 195 177 0 182 195 177 0 183 196 178 0 183 196 177 0 183 197 176 0 185 198 177 0 187 199 179 0 187 199 179 0 187 199 179 0 186 201 180 0 186 202 180 0 187 202 180 0 189 201 180 0 189 201 181 0 188 202 181 0 187 203 181 0 188 203 182 0 188 203 182 0 189 203 182 0 190 204 183 0 190 204 183 0 192 204 184 0 192 204 184 0 192 205 183 0 192 205 183 0 192 205 186 0 192 205 188 0 193 206 188 0 194 206 188 0 195 206 189 0 194 206 187 0 193 207 187 0 192 207 188 0 193 207 189 0 193 207 189 0 193 208 187 0 193 209 186 0 193 208 187 0 193 207 187 0 193 207 187 0 191 206 185 0 198 212 193 0 162 173 155 0 76 84 67 0 84 89 72 0 81 87 70 0 99 105 87 0 102 108 89 0 95 100 84 0 101 106 92 0 131 136 120 0 135 140 123 0 123 128 114 0 118 122 112 0 136 141 127 0 139 144 125 0 121 127 106 0 121 128 104 0 131 138 115 0 134 140 120 0 115 121 105 0 95 100 87 0 90 93 83 0 94 98 88 0 90 97 87 0 84 90 80 0 84 90 79 0 86 91 81 0 79 83 74 0 68 70 65 0 72 74 72 0 73 78 75 0 74 79 76 0 69 74 70 0 64 71 65 0 61 70 61 0 67 75 68 0 84 94 91 0 86 96 95 0 92 103 102 0 101 113 113 0 96 108 107 0 94 103 102 0 87 93 90 0 82 87 84 0 82 90 89 0 
178 183 173 0 178 183 174 0 178 183 174 0 179 184 174 0 179 185 174 0 180 185 175 0 180 185 176 0 180 185 176 0 180 185 175 0 181 186 173 0 132 136 118 0 106 112 89 0 93 99 79 0 93 98 78 0 108 115 90 0 92 102 77 0 85 92 72 0 83 88 72 0 89 93 81 0 83 88 76 0 92 96 83 0 91 96 80 0 93 99 84 0 107 114 101 0 163 172 160 0 185 195 183 0 179 189 176 0 180 190 177 0 180 190 177 0 180 190 177 0 180 190 177 0 180 190 177 0 180 191 175 0 180 191 175 0 180 191 175 0 181 192 176 0 181 192 176 0 181 192 176 0 182 193 176 0 180 194 176 0 180 194 177 0 181 195 177 0 181 195 177 0 182 196 178 0 182 196 178 0 183 197 179 0 185 197 178 0 186 198 178 0 187 199 179 0 187 200 179 0 187 200 180 0 187 202 180 0 186 203 179 0 187 202 180 0 189 203 181 0 188 203 181 0 188 203 181 0 188 203 181 0 188 203 182 0 189 204 183 0 189 204 184 0 190 204 183 0 189 205 183 0 192 205 183 0 192 205 183 0 193 206 184 0 193 206 184 0 192 206 185 0 192 207 187 0 193 208 187 0 194 207 187 0 195 207 188 0 192 207 186 0 193 208 187 0 193 208 187 0 193 208 187 0 193 208 188 0 194 209 188 0 194 210 187 0 194 209 187 0 193 208 187 0 193 208 187 0 191 206 185 0 201 213 193 0 120 130 112 0 75 81 64 0 81 86 70 0 72 77 61 0 74 80 63 0 79 84 68 0 86 90 76 0 89 93 81 0 107 112 97 0 106 111 96 0 114 119 105 0 137 141 130 0 132 137 125 0 108 113 100 0 96 101 87 0 103 110 91 0 114 121 101 0 120 126 108 0 127 134 117 0 106 113 98 0 81 87 73 0 88 93 81 0 88 93 84 0 79 84 75 0 80 86 75 0 74 81 69 0 64 70 61 0 65 69 64 0 69 72 69 0 75 77 76 0 80 84 81 0 74 80 75 0 66 74 68 0 70 79 74 0 79 90 86 0 87 101 99 0 85 101 98 0 89 104 102 0 92 103 101 0 83 90 89 0 77 82 81 0 79 82 81 0 83 87 86 0 81 86 85 0 
179 183 174 0 178 183 174 0 179 184 175 0 179 184 175 0 179 184 174 0 180 185 175 0 180 185 175 0 178 184 173 0 184 191 178 0 146 152 136 0 93 99 80 0 108 115 95 0 99 105 86 0 90 95 78 0 95 99 80 0 104 111 89 0 94 100 82 0 76 80 68 0 84 89 76 0 87 92 77 0 77 82 68 0 82 87 75 0 97 100 88 0 98 103 90 0 102 108 96 0 143 150 139 0 183 193 181 0 180 190 177 0 180 190 177 0 180 190 177 0 181 191 178 0 180 191 177 0 181 192 176 0 181 191 175 0 181 192 175 0 182 194 175 0 182 193 176 0 181 194 176 0 181 194 176 0 182 195 177 0 182 195 177 0 184 195 177 0 184 195 177 0 184 196 177 0 185 197 178 0 185 198 177 0 185 198 178 0 186 198 178 0 187 200 180 0 188 201 180 0 187 202 180 0 187 202 180 0 188 203 181 0 188 203 182 0 188 203 182 0 189 203 182 0 189 203 181 0 188 204 182 0 189 203 183 0 190 204 184 0 190 205 184 0 190 205 184 0 191 206 185 0 191 206 185 0 192 206 186 0 192 207 186 0 193 207 187 0 193 208 186 0 192 208 185 0 193 209 186 0 193 209 186 0 193 209 187 0 193 208 188 0 194 209 188 0 193 209 187 0 193 209 187 0 194 209 188 0 194 210 188 0 194 209 188 0 193 209 188 0 193 209 188 0 193 209 188 0 195 210 189 0 189 202 182 0 91 99 83 0 77 82 66 0 72 78 62 0 65 70 54 0 71 75 61 0 77 81 68 0 79 83 72 0 81 84 77 0 79 82 76 0 80 81 76 0 99 102 94 0 124 129 120 0 133 138 129 0 119 123 112 0 103 107 95 0 100 105 90 0 108 114 97 0 116 123 103 0 137 145 123 0 108 114 98 0 76 82 70 0 91 97 84 0 84 89 77 0 74 77 67 0 69 72 63 0 64 69 61 0 61 66 61 0 63 70 64 0 67 73 69 0 82 88 87 0 83 93 92 0 82 93 92 0 83 92 91 0 88 98 96 0 89 101 99 0 88 100 98 0 92 102 101 0 91 101 99 0 86 92 91 0 73 76 73 0 73 76 71 0 80 84 80 0 80 84 81 0 74 78 76 0 
178 183 175 0 178 184 174 0 179 184 175 0 179 184 175 0 179 185 175 0 178 185 174 0 179 186 174 0 178 185 173 0 184 191 176 0 119 124 109 0 86 91 76 0 94 100 84 0 114 120 101 0 109 115 91 0 107 110 87 0 101 103 84 0 88 93 78 0 86 90 79 0 81 85 74 0 86 91 76 0 79 83 70 0 81 85 73 0 92 97 83 0 101 106 92 0 98 103 89 0 86 91 76 0 139 146 133 0 184 194 181 0 180 190 177 0 180 192 176 0 181 192 176 0 182 192 176 0 182 193 177 0 182 192 177 0 181 192 175 0 182 193 177 0 181 194 178 0 181 195 178 0 181 195 177 0 182 195 177 0 184 196 178 0 184 197 178 0 183 197 176 0 183 198 177 0 183 198 177 0 184 199 178 0 185 200 179 0 185 200 179 0 188 200 180 0 188 202 182 0 187 203 181 0 187 203 181 0 188 203 182 0 189 204 183 0 189 204 182 0 190 205 182 0 190 205 183 0 189 205 183 0 190 205 183 0 190 206 183 0 190 206 184 0 191 206 183 0 191 207 185 0 191 207 185 0 192 208 186 0 193 209 186 0 193 209 186 0 193 209 187 0 194 208 187 0 196 208 188 0 195 209 188 0 194 209 189 0 195 209 188 0 195 210 188 0 194 210 187 0 195 210 189 0 195 210 189 0 195 210 189 0 195 211 188 0 195 210 188 0 195 210 189 0 194 208 188 0 198 213 193 0 176 188 171 0 80 88 73 0 76 81 66 0 68 72 59 0 66 70 59 0 72 76 66 0 75 80 69 0 74 78 70 0 75 78 72 0 77 79 75 0 80 82 78 0 95 99 93 0 111 116 109 0 134 141 131 0 118 125 114 0 105 111 101 0 110 114 105 0 94 98 87 0 98 104 88 0 126 133 113 0 109 116 98 0 75 80 67 0 74 79 68 0 70 74 63 0 66 70 59 0 65 68 59 0 62 67 61 0 62 68 62 0 65 73 67 0 74 80 78 0 87 95 94 0 85 97 98 0 85 98 99 0 88 101 102 0 87 101 100 0 86 102 100 0 88 102 100 0 90 101 99 0 91 98 94 0 78 83 78 0 72 76 70 0 73 77 71 0 73 78 70 0 71 72 64 0 66 64 52 0 
178 183 176 0 179 184 175 0 179 183 176 0 177 182 174 0 177 182 175 0 184 189 180 0 179 185 173 0 183 189 176 0 165 170 156 0 121 126 111 0 106 110 98 0 97 102 87 0 113 120 100 0 111 117 94 0 78 83 64 0 67 70 57 0 78 83 69 0 76 82 66 0 83 88 73 0 84 89 74 0 73 79 62 0 78 84 67 0 93 100 82 0 91 98 80 0 93 99 82 0 92 98 81 0 93 100 83 0 141 151 133 0 184 195 180 0 181 191 176 0 181 193 176 0 182 194 176 0 182 194 177 0 182 194 176 0 182 193 176 0 182 193 176 0 182 193 177 0 182 194 177 0 181 195 177 0 183 196 178 0 184 196 178 0 185 197 179 0 183 197 178 0 184 199 179 0 185 200 179 0 185 200 179 0 186 201 180 0 186 201 180 0 188 201 181 0 189 203 181 0 189 204 181 0 189 204 182 0 190 203 183 0 191 204 182 0 191 205 182 0 192 204 184 0 192 205 184 0 192 205 184 0 191 206 183 0 191 207 184 0 191 207 184 0 192 207 184 0 192 208 185 0 192 208 185 0 193 209 186 0 193 209 187 0 193 209 187 0 194 210 187 0 195 210 188 0 196 210 188 0 196 211 189 0 195 210 189 0 196 210 189 0 195 211 188 0 197 211 188 0 197 210 188 0 196 211 189 0 196 211 189 0 197 211 189 0 197 211 190 0 196 211 190 0 195 210 189 0 198 213 192 0 184 196 180 0 88 96 84 0 72 77 65 0 71 75 64 0 73 77 70 0 79 82 78 0 76 79 75 0 70 74 71 0 77 82 79 0 78 83 80 0 85 88 87 0 121 125 122 0 176 182 177 0 212 219 213 0 122 129 124 0 141 147 143 0 153 159 157 0 100 105 101 0 82 87 79 0 103 108 96 0 98 103 90 0 85 88 78 0 74 77 67 0 72 75 65 0 66 70 59 0 63 67 57 0 67 70 63 0 67 71 66 0 64 69 67 0 75 83 82 0 90 100 101 0 87 99 100 0 90 100 101 0 90 100 100 0 89 101 100 0 89 102 102 0 92 104 105 0 93 103 102 0 88 96 90 0 69 75 67 0 69 72 66 0 68 71 63 0 68 70 64 0 69 69 62 0 71 70 58 0 
178 184 173 0 180 185 175 0 179 184 176 0 180 186 179 0 180 190 185 0 171 184 183 0 182 193 186 0 174 180 168 0 138 143 127 0 138 143 128 0 140 145 133 0 131 135 124 0 134 139 126 0 106 110 98 0 72 76 64 0 66 69 58 0 66 70 58 0 62 67 53 0 69 74 59 0 70 75 61 0 65 70 57 0 66 71 56 0 76 82 64 0 85 91 72 0 87 94 73 0 98 104 85 0 86 92 73 0 79 86 70 0 139 147 132 0 187 198 182 0 181 192 176 0 182 194 176 0 183 195 176 0 183 194 177 0 182 194 178 0 182 195 177 0 183 195 177 0 183 195 177 0 182 196 176 0 182 197 177 0 184 197 179 0 184 198 179 0 184 199 179 0 184 199 179 0 185 200 179 0 186 201 180 0 187 202 182 0 188 202 180 0 189 202 180 0 191 203 182 0 191 203 183 0 192 204 183 0 192 204 184 0 191 205 183 0 191 206 182 0 191 206 183 0 192 206 183 0 192 207 184 0 191 207 183 0 192 208 184 0 193 209 185 0 193 209 186 0 193 209 186 0 194 209 187 0 194 210 188 0 194 209 188 0 195 210 189 0 194 210 189 0 194 210 189 0 195 211 190 0 196 211 190 0 196 211 191 0 197 211 189 0 198 211 189 0 199 211 190 0 198 211 190 0 196 211 190 0 197 212 190 0 197 212 190 0 196 212 189 0 196 212 190 0 197 212 191 0 195 210 189 0 201 214 196 0 108 116 102 0 67 71 62 0 76 80 74 0 79 83 80 0 84 87 87 0 76 81 79 0 73 79 78 0 79 86 85 0 79 85 84 0 90 95 94 0 137 143 138 0 180 188 178 0 205 212 203 0 160 166 158 0 144 149 139 0 163 168 160 0 145 151 146 0 91 97 90 0 81 85 78 0 85 87 81 0 76 78 71 0 66 69 62 0 63 66 60 0 64 66 60 0 65 67 61 0 63 65 62 0 61 64 61 0 62 67 63 0 82 93 90 0 88 102 102 0 89 102 101 0 90 103 102 0 91 102 103 0 93 104 107 0 91 103 104 0 91 103 103 0 86 100 97 0 71 81 76 0 64 68 64 0 66 68 64 0 67 69 64 0 72 73 69 0 73 77 74 0 75 79 79 0 
179 183 176 0 180 185 177 0 180 186 179 0 181 191 188 0 126 136 160 0 92 104 143 0 153 168 190 0 157 168 164 0 141 147 134 0 152 157 144 0 155 160 148 0 167 171 158 0 175 181 165 0 137 143 128 0 100 105 94 0 87 91 84 0 82 86 82 0 62 66 61 0 56 59 51 0 60 64 53 0 71 75 66 0 73 77 70 0 70 74 66 0 86 91 77 0 87 93 76 0 75 81 65 0 82 87 72 0 75 80 66 0 92 100 85 0 176 186 170 0 184 194 181 0 183 194 179 0 184 195 179 0 183 195 178 0 183 196 178 0 184 196 179 0 185 196 178 0 185 197 178 0 183 197 176 0 182 198 177 0 183 198 177 0 185 199 178 0 185 200 179 0 185 200 179 0 185 201 178 0 186 202 179 0 187 203 180 0 189 204 181 0 190 204 182 0 189 205 182 0 190 205 183 0 191 206 184 0 192 205 185 0 191 206 185 0 191 207 184 0 192 208 185 0 192 208 185 0 193 209 186 0 193 209 185 0 193 209 186 0 194 210 187 0 193 209 187 0 194 210 187 0 195 210 189 0 195 210 189 0 195 211 188 0 195 211 188 0 195 211 189 0 196 212 189 0 196 212 189 0 196 212 190 0 196 212 191 0 197 212 190 0 198 212 190 0 198 212 190 0 198 212 191 0 197 213 190 0 197 213 191 0 197 213 191 0 197 213 190 0 197 213 190 0 198 212 191 0 194 210 189 0 203 220 198 0 130 141 126 0 68 73 65 0 85 89 85 0 90 95 94 0 91 96 96 0 78 84 83 0 79 85 84 0 79 85 84 0 74 80 79 0 68 74 69 0 84 87 79 0 100 102 90 0 119 123 106 0 160 166 149 0 149 154 139 0 148 153 140 0 151 158 146 0 129 136 124 0 81 87 76 0 73 78 69 0 63 67 57 0 60 63 55 0 60 63 55 0 63 65 58 0 62 64 60 0 59 62 58 0 58 63 60 0 74 84 82 0 88 102 101 0 89 104 103 0 90 106 106 0 91 106 109 0 90 104 106 0 89 102 103 0 89 102 102 0 86 101 100 0 70 85 82 0 63 71 67 0 68 72 69 0 69 72 71 0 69 74 72 0 71 76 73 0 75 78 76 0 77 78 79 0 
179 184 177 0 179 184 178 0 185 192 190 0 147 158 174 0 106 117 152 0 108 122 155 0 128 143 168 0 144 155 160 0 143 149 142 0 169 176 166 0 164 170 160 0 199 205 195 0 236 242 232 0 217 222 213 0 159 165 157 0 142 148 145 0 133 140 139 0 101 108 106 0 63 66 63 0 64 68 63 0 86 91 84 0 93 98 89 0 88 94 83 0 79 84 70 0 84 88 74 0 69 73 61 0 70 73 63 0 72 77 63 0 87 94 77 0 150 158 141 0 181 191 176 0 178 188 174 0 181 191 176 0 181 192 175 0 182 196 178 0 184 197 178 0 184 197 177 0 185 198 178 0 184 198 178 0 184 198 178 0 186 199 179 0 187 199 179 0 186 199 179 0 186 202 179 0 187 203 180 0 187 203 179 0 188 204 181 0 188 205 181 0 189 205 182 0 191 206 184 0 191 207 184 0 192 206 184 0 193 207 185 0 193 208 185 0 193 209 186 0 193 209 186 0 193 209 185 0 193 209 186 0 193 209 186 0 195 210 188 0 195 211 187 0 195 210 188 0 195 210 189 0 196 211 189 0 196 210 189 0 196 212 189 0 196 212 189 0 197 212 189 0 197 212 190 0 197 212 191 0 198 213 191 0 197 213 191 0 196 214 192 0 196 214 192 0 197 214 190 0 199 214 191 0 198 214 192 0 199 214 192 0 199 213 192 0 198 213 192 0 198 213 192 0 198 213 193 0 195 210 190 0 206 221 200 0 129 139 124 0 81 89 79 0 99 107 102 0 102 110 108 0 95 104 102 0 84 92 91 0 81 88 87 0 75 80 80 0 64 68 64 0 73 76 67 0 85 88 78 0 89 91 82 0 91 92 84 0 115 117 108 0 130 136 127 0 177 184 180 0 169 177 173 0 133 139 134 0 86 91 83 0 64 69 58 0 59 63 55 0 58 61 54 0 59 62 54 0 61 64 56 0 61 64 56 0 58 62 56 0 70 76 74 0 87 98 99 0 87 101 102 0 88 103 105 0 90 107 109 0 91 108 112 0 92 107 110 0 89 102 104 0 88 100 103 0 77 89 90 0 67 77 75 0 67 74 71 0 66 72 70 0 68 73 72 0 68 75 75 0 69 78 77 0 75 82 82 0 81 87 88 0 
179 187 176 0 178 186 178 0 182 192 197 0 167 179 198 0 159 173 192 0 119 133 151 0 122 138 155 0 126 139 147 0 144 152 148 0 172 178 170 0 195 201 196 0 241 244 242 0 238 241 240 0 239 243 241 0 216 224 220 0 183 194 193 0 169 181 182 0 142 154 158 0 100 110 114 0 82 90 93 0 83 91 92 0 109 117 113 0 100 105 96 0 77 82 68 0 85 90 74 0 87 90 76 0 68 71 59 0 67 71 59 0 79 85 71 0 107 114 100 0 159 166 154 0 177 184 174 0 176 184 173 0 176 186 173 0 183 195 178 0 184 197 178 0 183 198 178 0 184 199 179 0 185 199 179 0 184 200 178 0 185 202 179 0 187 202 179 0 188 202 180 0 188 202 180 0 188 203 181 0 188 203 181 0 189 205 182 0 189 205 184 0 189 205 184 0 191 206 185 0 191 207 185 0 191 207 184 0 192 208 185 0 193 209 187 0 194 210 188 0 194 209 187 0 194 210 187 0 194 210 187 0 194 210 187 0 194 211 188 0 195 211 188 0 195 211 188 0 196 212 189 0 196 212 189 0 196 212 189 0 196 212 189 0 196 212 189 0 196 213 190 0 197 212 190 0 197 213 190 0 198 214 191 0 198 214 191 0 198 215 192 0 198 214 192 0 198 214 192 0 199 214 192 0 199 215 192 0 200 215 192 0 200 215 193 0 200 215 193 0 198 214 192 0 198 214 193 0 197 212 191 0 208 221 203 0 121 132 118 0 91 103 95 0 110 122 120 0 104 116 114 0 87 99 97 0 83 92 90 0 79 85 83 0 69 72 69 0 78 79 72 0 81 83 74 0 73 75 70 0 76 77 74 0 77 78 74 0 81 83 77 0 96 100 93 0 132 139 134 0 145 154 151 0 144 151 150 0 112 118 117 0 71 75 73 0 54 57 52 0 56 57 52 0 59 61 55 0 58 61 55 0 58 62 57 0 63 67 65 0 87 93 93 0 90 102 104 0 91 105 108 0 90 107 110 0 94 111 117 0 94 111 117 0 95 109 115 0 95 106 111 0 79 89 92 0 71 79 80 0 72 78 78 0 74 83 80 0 79 86 83 0 73 78 76 0 75 79 79 0 77 85 84 0 83 91 92 0 86 95 98 0 
179 187 176 0 178 189 182 0 178 193 197 0 180 197 211 0 121 137 156 0 91 105 126 0 121 135 152 0 142 157 162 0 155 165 162 0 186 194 188 0 237 242 237 0 237 241 239 0 239 242 240 0 234 242 238 0 220 233 230 0 191 208 206 0 166 182 185 0 144 161 168 0 126 141 149 0 98 109 117 0 82 90 94 0 94 101 100 0 94 98 93 0 65 70 58 0 81 87 68 0 96 104 81 0 96 103 82 0 98 103 88 0 74 78 67 0 89 95 84 0 112 121 108 0 150 160 149 0 168 178 168 0 173 183 172 0 182 192 177 0 184 198 180 0 183 197 179 0 185 198 179 0 186 199 179 0 185 200 178 0 185 201 180 0 187 202 181 0 188 203 181 0 189 203 181 0 190 204 182 0 191 204 183 0 190 205 185 0 191 206 185 0 190 206 185 0 191 207 185 0 192 207 186 0 192 208 185 0 193 209 186 0 194 209 186 0 195 210 187 0 195 211 188 0 195 211 188 0 195 211 188 0 195 211 188 0 196 212 189 0 197 212 189 0 197 212 190 0 197 212 191 0 196 212 189 0 197 213 190 0 198 214 191 0 196 214 190 0 196 214 191 0 196 215 190 0 197 214 190 0 199 215 192 0 198 215 193 0 198 214 193 0 199 214 193 0 199 215 193 0 199 215 192 0 199 215 192 0 198 216 193 0 198 216 193 0 199 216 193 0 198 215 192 0 199 215 192 0 197 213 191 0 208 222 204 0 135 146 134 0 98 108 101 0 99 109 105 0 78 86 83 0 67 73 70 0 73 79 77 0 69 72 70 0 70 72 66 0 84 85 76 0 68 71 62 0 63 67 57 0 66 70 57 0 74 77 68 0 85 87 81 0 103 105 100 0 133 137 133 0 155 163 161 0 179 189 187 0 145 154 152 0 80 86 84 0 53 55 52 0 55 57 50 0 57 60 51 0 57 60 52 0 59 64 57 0 83 89 89 0 88 99 101 0 86 102 107 0 91 109 115 0 94 112 118 0 95 111 119 0 95 111 116 0 91 105 107 0 82 93 93 0 73 81 81 0 75 82 81 0 81 90 89 0 99 111 113 0 110 123 128 0 94 104 108 0 83 93 95 0 86 98 100 0 89 99 103 0 89 102 108 0 
179 187 179 0 179 189 184 0 166 180 185 0 167 182 198 0 109 120 143 0 86 95 122 0 139 150 167 0 180 192 192 0 184 192 188 0 235 240 238 0 239 242 240 0 240 242 239 0 225 232 224 0 204 218 208 0 187 203 196 0 174 191 190 0 165 185 190 0 148 169 177 0 136 156 163 0 109 123 129 0 78 86 90 0 77 82 82 0 79 82 80 0 62 65 58 0 72 78 62 0 83 90 69 0 89 96 75 0 90 96 78 0 62 66 54 0 73 76 67 0 95 102 91 0 102 112 100 0 152 163 152 0 172 183 171 0 179 189 175 0 185 197 178 0 184 199 179 0 185 199 180 0 186 199 181 0 186 200 181 0 186 201 180 0 187 202 180 0 187 203 181 0 188 204 183 0 189 205 183 0 190 206 183 0 193 206 185 0 193 206 185 0 193 207 186 0 193 209 186 0 193 209 186 0 193 209 186 0 194 210 187 0 196 210 188 0 196 211 188 0 196 212 189 0 196 212 189 0 197 213 190 0 197 213 190 0 197 213 190 0 199 214 191 0 198 214 191 0 198 214 192 0 198 214 191 0 199 214 193 0 199 214 193 0 199 215 193 0 199 215 192 0 197 215 192 0 198 216 193 0 198 216 193 0 201 216 193 0 200 216 194 0 199 216 194 0 201 216 193 0 200 216 193 0 201 216 193 0 200 216 193 0 199 216 193 0 198 216 193 0 198 216 193 0 198 216 194 0 197 214 192 0 205 221 201 0 158 171 154 0 92 102 89 0 77 83 72 0 68 71 63 0 68 71 64 0 68 70 65 0 64 66 60 0 70 73 63 0 73 76 67 0 63 67 56 0 66 71 56 0 73 79 63 0 77 81 68 0 123 128 118 0 149 155 148 0 168 174 171 0 179 186 186 0 173 186 187 0 151 165 165 0 74 83 82 0 54 58 54 0 56 58 51 0 57 61 53 0 55 61 54 0 67 76 72 0 84 97 97 0 78 94 95 0 83 101 105 0 92 109 116 0 96 110 118 0 95 108 114 0 92 103 104 0 77 84 84 0 69 76 75 0 71 80 79 0 64 76 75 0 74 89 87 0 105 122 122 0 118 137 143 0 107 127 135 0 88 106 112 0 84 100 102 0 86 99 100 0 85 100 100 0 
180 187 180 0 182 191 188 0 152 164 172 0 166 182 201 0 137 153 173 0 117 134 150 0 194 213 218 0 195 209 205 0 221 229 223 0 241 244 242 0 236 241 240 0 203 210 207 0 168 179 173 0 156 167 161 0 130 139 132 0 106 116 112 0 128 143 143 0 148 167 172 0 138 160 168 0 112 131 138 0 74 85 88 0 66 71 70 0 61 64 62 0 59 61 58 0 61 63 57 0 59 63 52 0 66 71 56 0 73 79 63 0 60 64 53 0 66 69 60 0 81 87 77 0 129 139 127 0 144 154 142 0 171 180 169 0 178 188 175 0 183 196 177 0 185 201 178 0 186 201 179 0 186 201 181 0 187 202 180 0 186 202 179 0 187 203 180 0 188 205 181 0 189 205 182 0 191 206 184 0 191 207 184 0 192 208 184 0 193 209 185 0 193 208 185 0 194 209 186 0 193 209 186 0 193 209 187 0 195 211 188 0 194 212 188 0 195 211 189 0 196 212 190 0 197 213 190 0 198 214 191 0 198 214 191 0 199 214 191 0 200 215 192 0 200 215 192 0 199 215 192 0 198 214 191 0 199 215 192 0 201 216 194 0 201 216 195 0 199 216 195 0 198 216 194 0 199 217 194 0 200 217 194 0 201 217 194 0 201 218 195 0 201 218 195 0 202 218 195 0 202 217 195 0 201 217 195 0 200 218 195 0 200 217 195 0 201 217 194 0 201 216 195 0 200 216 195 0 201 217 197 0 210 224 202 0 156 166 146 0 95 101 86 0 86 91 81 0 78 82 76 0 74 77 70 0 69 71 64 0 75 78 72 0 74 76 71 0 77 80 71 0 72 77 66 0 82 86 74 0 92 97 83 0 98 104 91 0 163 168 162 0 159 164 162 0 175 182 181 0 177 188 186 0 169 182 180 0 173 185 183 0 108 116 113 0 49 53 49 0 55 57 52 0 56 59 55 0 53 57 54 0 63 69 69 0 78 90 93 0 76 93 97 0 86 104 110 0 94 109 116 0 93 107 110 0 92 103 103 0 75 82 81 0 59 64 63 0 63 69 69 0 67 75 77 0 62 72 72 0 70 82 81 0 98 115 118 0 116 137 142 0 120 141 148 0 129 145 151 0 129 143 145 0 104 118 121 0 99 112 118 0 
180 188 179 0 178 189 182 0 186 203 203 0 179 200 206 0 155 173 182 0 147 163 169 0 201 216 214 0 196 209 202 0 236 243 238 0 237 242 240 0 217 229 227 0 177 192 192 0 133 145 148 0 100 110 116 0 96 104 110 0 85 91 92 0 78 82 80 0 104 113 113 0 135 152 157 0 121 139 147 0 98 111 117 0 68 75 76 0 62 66 64 0 66 68 67 0 62 63 60 0 60 61 56 0 60 63 55 0 64 68 56 0 64 68 55 0 65 70 58 0 67 72 63 0 126 133 124 0 143 152 140 0 160 170 159 0 180 189 178 0 182 193 178 0 188 200 180 0 187 202 180 0 187 202 181 0 187 203 181 0 187 203 180 0 188 204 181 0 189 205 182 0 191 206 183 0 191 206 184 0 192 207 185 0 193 209 187 0 193 208 187 0 193 208 185 0 195 209 187 0 196 209 187 0 197 210 188 0 197 211 189 0 197 213 190 0 196 213 190 0 197 213 191 0 198 214 191 0 199 215 192 0 200 215 192 0 201 214 192 0 202 215 193 0 201 215 194 0 199 215 192 0 199 215 192 0 200 216 193 0 201 217 194 0 201 217 195 0 201 218 195 0 202 217 195 0 202 217 195 0 201 217 195 0 200 217 194 0 201 218 195 0 201 218 195 0 201 218 195 0 201 218 196 0 201 218 195 0 200 218 195 0 200 218 195 0 201 218 195 0 201 217 196 0 202 218 197 0 198 213 194 0 140 152 134 0 146 156 141 0 134 140 131 0 84 87 84 0 78 81 77 0 68 70 64 0 67 71 65 0 104 112 110 0 96 102 100 0 85 89 80 0 113 117 107 0 104 108 99 0 123 129 121 0 169 179 173 0 182 189 186 0 164 169 168 0 172 178 178 0 166 178 177 0 164 178 177 0 175 187 186 0 135 146 144 0 64 70 68 0 72 75 71 0 59 60 54 0 54 55 50 0 61 64 61 0 69 77 76 0 75 89 91 0 90 105 111 0 93 107 111 0 95 107 107 0 75 80 79 0 60 63 63 0 61 65 64 0 63 67 66 0 65 68 69 0 64 66 66 0 71 78 78 0 95 109 113 0 115 132 140 0 136 148 158 0 176 184 186 0 223 232 229 0 228 236 234 0 212 219 220 0 
181 190 179 0 176 188 180 0 181 197 196 0 167 184 189 0 138 155 164 0 167 184 189 0 193 208 201 0 199 209 199 0 239 244 240 0 230 239 238 0 196 216 218 0 179 201 206 0 130 145 152 0 74 84 90 0 90 96 103 0 91 96 103 0 85 89 89 0 75 78 75 0 109 115 113 0 131 142 145 0 115 128 132 0 90 101 102 0 57 63 63 0 66 71 69 0 65 69 68 0 68 72 69 0 69 73 65 0 61 65 54 0 58 62 51 0 61 65 54 0 83 89 76 0 128 137 122 0 141 151 137 0 148 159 145 0 179 191 176 0 181 192 175 0 188 200 180 0 189 202 181 0 188 204 182 0 189 205 182 0 190 205 182 0 191 204 182 0 192 205 183 0 192 206 184 0 192 207 184 0 193 209 185 0 194 210 187 0 193 209 187 0 194 210 187 0 195 210 188 0 196 211 189 0 196 212 189 0 197 213 190 0 198 214 191 0 198 214 191 0 199 215 191 0 199 215 192 0 199 215 192 0 200 216 192 0 201 216 193 0 203 216 194 0 202 216 193 0 201 216 192 0 200 216 192 0 201 217 193 0 202 218 194 0 201 218 195 0 201 218 195 0 202 218 195 0 202 219 195 0 202 219 195 0 201 219 196 0 201 219 195 0 201 218 196 0 201 218 197 0 201 219 196 0 202 219 196 0 201 219 196 0 201 218 196 0 202 218 198 0 201 218 196 0 203 222 199 0 193 206 187 0 96 103 87 0 129 137 121 0 146 154 142 0 76 81 74 0 72 74 68 0 74 76 70 0 77 83 77 0 119 128 127 0 145 155 156 0 93 97 93 0 132 133 127 0 144 146 142 0 151 154 154 0 150 157 156 0 148 156 155 0 168 180 179 0 151 166 165 0 148 164 165 0 159 175 174 0 164 177 176 0 146 158 160 0 114 124 131 0 119 126 130 0 73 76 73 0 56 60 52 0 56 61 53 0 63 70 66 0 72 82 83 0 85 97 100 0 94 106 108 0 82 91 90 0 62 67 65 0 64 67 65 0 63 64 63 0 59 60 59 0 65 66 67 0 62 65 66 0 71 79 79 0 95 108 110 0 109 123 129 0 131 142 148 0 156 163 166 0 192 199 197 0 186 193 198 0 124 132 145 0 
181 190 179 0 182 191 182 0 162 174 173 0 142 158 163 0 136 153 158 0 169 183 182 0 179 190 183 0 220 227 220 0 241 247 244 0 223 236 237 0 190 212 219 0 177 198 209 0 154 170 181 0 93 103 109 0 93 102 102 0 86 92 94 0 88 94 96 0 82 86 85 0 68 71 70 0 103 112 118 0 120 134 143 0 98 111 119 0 73 81 87 0 68 74 76 0 66 72 71 0 67 72 71 0 72 77 72 0 63 66 59 0 57 60 53 0 60 64 52 0 82 87 72 0 119 128 114 0 145 156 142 0 141 151 137 0 175 186 171 0 180 191 176 0 186 199 180 0 189 203 183 0 189 205 182 0 190 207 183 0 191 206 183 0 191 205 182 0 192 206 184 0 191 207 184 0 193 208 185 0 194 209 185 0 193 209 185 0 193 209 185 0 193 209 186 0 194 210 187 0 196 212 189 0 196 212 189 0 198 213 191 0 198 214 191 0 200 214 191 0 200 215 193 0 200 216 193 0 201 216 193 0 200 216 193 0 201 217 193 0 201 217 193 0 201 217 194 0 201 217 194 0 201 217 194 0 202 218 194 0 202 218 194 0 203 219 195 0 203 219 195 0 202 219 195 0 202 219 196 0 203 219 197 0 203 219 197 0 203 219 197 0 204 219 198 0 203 219 198 0 203 219 198 0 202 220 198 0 202 220 198 0 202 220 197 0 203 221 198 0 203 221 198 0 202 219 196 0 210 225 203 0 168 179 160 0 139 146 132 0 138 146 135 0 85 92 83 0 84 90 79 0 98 103 95 0 87 92 90 0 121 130 129 0 185 198 196 0 167 177 177 0 123 128 126 0 129 133 128 0 119 124 123 0 117 124 127 0 97 107 111 0 115 131 132 0 116 136 135 0 129 148 148 0 156 173 173 0 159 172 170 0 177 190 189 0 184 203 205 0 137 152 154 0 71 77 75 0 64 70 61 0 57 64 57 0 63 72 70 0 70 81 83 0 81 92 95 0 84 93 95 0 63 72 71 0 63 69 67 0 63 66 65 0 61 63 63 0 61 64 64 0 66 72 70 0 65 73 73 0 75 86 88 0 94 108 114 0 97 113 121 0 111 127 137 0 113 130 140 0 104 121 130 0 82 98 107 0 57 71 79 0 
181 190 179 0 188 198 189 0 199 211 208 0 129 145 148 0 134 147 151 0 170 181 178 0 185 195 189 0 221 233 226 0 219 230 226 0 190 208 209 0 177 196 205 0 173 190 206 0 168 183 196 0 108 118 125 0 70 76 77 0 67 70 69 0 76 80 83 0 85 91 93 0 66 72 71 0 68 76 78 0 108 122 132 0 130 144 162 0 103 115 131 0 80 92 100 0 74 83 84 0 69 77 77 0 70 76 74 0 65 69 64 0 60 63 58 0 65 70 64 0 91 99 90 0 125 134 124 0 138 148 137 0 143 153 141 0 164 174 161 0 183 193 179 0 183 195 179 0 190 204 185 0 190 205 184 0 191 207 184 0 192 207 184 0 193 206 184 0 191 207 184 0 192 207 184 0 192 206 184 0 193 208 184 0 196 212 187 0 201 216 192 0 197 214 189 0 196 212 188 0 196 212 188 0 197 213 190 0 199 214 192 0 199 215 191 0 199 215 192 0 201 217 194 0 201 217 194 0 201 217 194 0 202 218 195 0 202 218 195 0 202 218 195 0 202 218 194 0 202 218 194 0 202 218 196 0 203 219 196 0 203 219 197 0 202 220 197 0 203 220 197 0 204 220 198 0 203 220 197 0 204 220 197 0 205 221 197 0 204 221 197 0 205 222 198 0 204 221 198 0 203 221 198 0 204 221 199 0 204 221 199 0 204 222 199 0 204 223 199 0 205 223 200 0 206 222 199 0 209 225 202 0 192 208 187 0 177 193 173 0 193 207 193 0 97 106 98 0 109 118 108 0 127 134 125 0 90 95 94 0 117 126 130 0 143 156 159 0 163 178 178 0 153 165 166 0 98 108 109 0 79 87 89 0 80 89 91 0 66 75 75 0 72 82 80 0 97 109 107 0 125 141 139 0 156 173 171 0 157 173 172 0 161 176 176 0 117 135 138 0 102 118 117 0 126 137 133 0 137 146 142 0 97 105 103 0 56 64 63 0 71 81 80 0 81 90 91 0 75 83 85 0 61 68 69 0 62 68 67 0 61 65 64 0 63 68 67 0 66 73 72 0 64 75 75 0 65 79 80 0 87 102 106 0 95 108 115 0 94 107 116 0 108 121 134 0 102 111 126 0 84 94 106 0 66 78 83 0 62 73 74 0 
177 185 178 0 199 210 204 0 184 199 193 0 158 170 167 0 168 174 173 0 178 186 183 0 196 210 203 0 197 212 205 0 178 192 189 0 167 183 187 0 166 182 197 0 172 190 208 0 178 194 207 0 113 124 132 0 80 84 89 0 73 74 76 0 73 76 78 0 80 85 90 0 80 85 88 0 69 74 76 0 95 106 115 0 134 150 167 0 116 131 147 0 93 106 119 0 89 104 113 0 91 106 113 0 90 100 101 0 66 70 68 0 58 62 57 0 71 77 71 0 101 111 104 0 133 145 134 0 128 138 126 0 147 157 145 0 150 160 148 0 183 195 181 0 179 193 178 0 190 205 187 0 191 206 185 0 191 207 185 0 192 208 185 0 192 207 184 0 192 207 184 0 194 209 187 0 194 211 188 0 196 212 189 0 183 199 175 0 144 159 136 0 163 178 156 0 191 206 184 0 198 214 191 0 198 214 190 0 198 215 191 0 200 216 192 0 200 216 192 0 202 217 193 0 203 218 194 0 203 218 194 0 203 218 195 0 204 217 195 0 204 218 195 0 203 219 195 0 203 219 195 0 204 220 195 0 204 220 196 0 203 221 197 0 203 221 198 0 204 222 198 0 204 221 198 0 205 221 197 0 205 222 197 0 205 222 198 0 206 222 198 0 205 222 198 0 204 222 199 0 204 222 200 0 204 223 199 0 205 224 199 0 204 223 198 0 205 224 199 0 206 225 200 0 206 225 200 0 205 223 200 0 207 223 200 0 160 175 154 0 189 203 185 0 119 131 121 0 127 136 128 0 119 125 119 0 90 97 98 0 107 118 125 0 82 92 102 0 64 71 78 0 63 69 73 0 85 91 92 0 97 102 102 0 70 75 74 0 61 64 63 0 65 67 67 0 93 99 98 0 122 134 132 0 152 167 165 0 156 172 169 0 151 165 163 0 132 144 143 0 152 163 159 0 173 183 176 0 183 193 184 0 166 177 169 0 97 109 106 0 66 77 75 0 83 94 92 0 76 86 85 0 63 69 68 0 62 67 66 0 63 67 66 0 68 75 74 0 69 78 79 0 74 83 88 0 87 98 104 0 98 110 121 0 97 112 124 0 99 113 128 0 100 113 131 0 83 91 109 0 69 74 87 0 73 80 86 0 76 83 85 0 
186 192 190 0 196 205 202 0 168 179 175 0 180 190 185 0 176 184 178 0 185 195 186 0 188 201 189 0 172 183 176 0 162 173 172 0 158 172 178 0 156 173 185 0 167 185 198 0 202 218 226 0 159 169 174 0 81 87 90 0 80 83 86 0 76 77 81 0 81 83 91 0 89 91 100 0 77 80 84 0 78 85 91 0 114 127 144 0 126 140 160 0 108 122 140 0 90 104 121 0 98 114 128 0 89 101 108 0 66 72 69 0 60 63 57 0 67 72 66 0 109 117 107 0 136 148 137 0 134 144 134 0 145 155 143 0 144 154 141 0 178 189 176 0 179 193 177 0 188 203 184 0 191 207 185 0 192 208 185 0 192 208 185 0 194 208 186 0 191 205 182 0 183 197 174 0 175 190 166 0 159 171 150 0 122 132 112 0 87 95 77 0 102 109 95 0 157 167 151 0 185 199 178 0 197 212 189 0 198 215 192 0 200 216 193 0 201 217 193 0 202 218 194 0 203 218 195 0 202 218 195 0 202 218 194 0 202 218 194 0 203 219 195 0 203 220 196 0 204 220 196 0 205 220 196 0 204 221 196 0 203 222 197 0 204 223 198 0 204 223 198 0 204 223 198 0 204 223 198 0 204 223 198 0 205 224 199 0 205 224 199 0 205 223 199 0 204 223 199 0 205 224 199 0 205 224 199 0 206 225 200 0 205 225 199 0 206 225 200 0 206 225 200 0 207 225 200 0 205 224 200 0 211 228 205 0 188 202 182 0 162 175 159 0 129 140 130 0 110 118 112 0 87 93 91 0 85 92 94 0 77 84 91 0 62 68 74 0 49 52 54 0 47 48 47 0 73 74 73 0 86 89 88 0 71 76 75 0 57 61 60 0 64 68 67 0 92 100 99 0 111 123 122 0 140 154 152 0 146 159 156 0 149 163 158 0 171 186 178 0 185 198 188 0 178 189 179 0 178 189 179 0 181 192 184 0 167 181 175 0 99 114 108 0 68 80 77 0 75 86 85 0 66 76 76 0 62 70 71 0 68 75 76 0 72 81 83 0 80 87 94 0 94 102 115 0 104 117 131 0 99 116 132 0 95 110 131 0 95 108 129 0 77 88 103 0 61 69 76 0 72 77 82 0 75 85 87 0 72 85 85 0 
200 211 210 0 183 191 190 0 173 182 178 0 196 207 198 0 183 192 183 0 178 188 181 0 164 175 169 0 143 154 151 0 134 145 148 0 131 146 156 0 140 156 170 0 150 166 179 0 180 195 206 0 200 213 219 0 118 128 130 0 71 77 79 0 74 77 81 0 81 84 90 0 91 95 103 0 84 89 93 0 79 83 89 0 103 111 125 0 123 136 154 0 110 126 143 0 93 111 127 0 100 118 134 0 83 98 108 0 68 76 74 0 62 67 61 0 74 78 71 0 105 113 104 0 140 150 139 0 140 150 138 0 142 152 140 0 145 155 142 0 167 176 164 0 182 193 178 0 186 200 180 0 193 209 186 0 191 207 183 0 198 212 189 0 171 183 161 0 113 122 102 0 103 110 93 0 99 105 89 0 101 106 91 0 102 108 92 0 92 97 82 0 94 99 84 0 115 121 107 0 169 179 163 0 193 208 186 0 199 215 191 0 201 217 193 0 201 217 194 0 202 218 195 0 202 218 196 0 203 219 196 0 203 219 195 0 204 220 196 0 202 221 197 0 202 222 197 0 205 221 198 0 206 222 198 0 205 222 198 0 204 222 198 0 204 223 198 0 204 223 197 0 205 224 199 0 205 224 199 0 206 224 200 0 206 224 200 0 205 225 199 0 206 225 199 0 205 224 199 0 204 224 198 0 204 223 198 0 206 225 199 0 207 226 201 0 207 226 201 0 207 226 201 0 208 227 201 0 208 227 202 0 207 225 201 0 212 228 206 0 191 204 189 0 117 126 120 0 90 98 97 0 74 83 82 0 76 81 82 0 64 69 70 0 52 55 54 0 48 51 46 0 56 57 51 0 64 66 60 0 62 63 60 0 58 59 58 0 56 59 57 0 59 64 63 0 73 79 78 0 92 102 100 0 112 123 121 0 126 137 135 0 148 160 157 0 171 184 177 0 181 191 182 0 181 192 182 0 182 193 183 0 178 190 181 0 184 197 189 0 135 147 144 0 61 70 71 0 68 77 79 0 69 81 84 0 72 84 88 0 79 91 95 0 91 103 110 0 104 117 127 0 111 124 140 0 109 125 141 0 105 121 137 0 95 110 126 0 90 105 120 0 77 88 101 0 69 76 82 0 74 81 82 0 69 82 81 0 67 82 82 0 
197 212 209 0 184 197 193 0 179 191 187 0 186 197 192 0 169 178 175 0 158 170 168 0 140 154 152 0 113 127 126 0 108 122 127 0 113 129 141 0 123 139 157 0 138 154 173 0 150 165 183 0 173 187 202 0 184 195 205 0 126 134 141 0 93 99 106 0 84 89 96 0 88 94 106 0 108 117 128 0 95 103 111 0 82 89 96 0 91 100 109 0 94 107 120 0 105 122 137 0 100 121 132 0 78 95 98 0 66 75 71 0 60 65 59 0 93 97 91 0 133 141 131 0 134 143 132 0 141 149 138 0 141 151 139 0 146 156 144 0 155 165 152 0 183 195 181 0 182 196 178 0 193 208 187 0 195 209 188 0 188 200 178 0 115 124 103 0 87 93 79 0 96 102 90 0 108 115 102 0 99 105 93 0 107 113 101 0 105 111 98 0 98 105 91 0 89 96 83 0 127 137 121 0 182 196 176 0 197 213 189 0 201 217 193 0 202 218 194 0 202 218 194 0 203 219 196 0 204 219 196 0 204 220 197 0 204 220 197 0 205 222 197 0 205 223 198 0 207 222 199 0 207 223 200 0 205 224 198 0 205 224 197 0 207 224 199 0 206 225 200 0 206 225 200 0 206 225 199 0 206 225 199 0 206 225 200 0 206 225 200 0 205 224 199 0 208 227 202 0 210 231 207 0 211 232 207 0 209 227 202 0 207 225 201 0 208 227 202 0 209 228 203 0 208 228 204 0 209 229 204 0 209 229 204 0 208 227 203 0 210 228 208 0 129 141 133 0 83 91 91 0 71 79 78 0 86 93 91 0 76 82 80 0 51 54 50 0 55 57 54 0 55 56 55 0 56 57 55 0 53 53 51 0 51 51 47 0 54 56 53 0 56 59 58 0 58 63 62 0 69 74 74 0 86 95 94 0 113 124 122 0 147 158 154 0 176 188 179 0 185 197 186 0 182 196 184 0 182 196 184 0 180 195 182 0 181 197 188 0 138 152 153 0 65 77 84 0 67 80 86 0 75 89 97 0 89 104 115 0 103 118 129 0 113 129 139 0 111 130 140 0 112 129 143 0 113 126 143 0 104 116 135 0 94 107 123 0 93 110 122 0 95 112 124 0 78 91 102 0 73 82 89 0 72 79 83 0 68 78 79 0 
203 217 212 0 185 199 195 0 170 181 179 0 167 178 176 0 145 158 157 0 140 156 154 0 123 137 137 0 99 111 114 0 104 119 125 0 102 118 130 0 106 121 138 0 117 132 151 0 124 138 158 0 135 150 169 0 155 170 185 0 165 178 193 0 152 165 182 0 147 160 181 0 151 166 189 0 191 207 224 0 145 157 164 0 68 73 74 0 66 69 68 0 71 77 77 0 98 109 113 0 102 117 121 0 78 91 90 0 60 66 62 0 65 69 62 0 119 125 116 0 150 158 147 0 157 165 154 0 148 156 145 0 141 150 139 0 146 154 142 0 146 156 143 0 178 191 176 0 180 194 176 0 191 206 184 0 197 211 189 0 139 150 129 0 93 99 82 0 99 104 89 0 111 118 100 0 123 129 112 0 113 119 105 0 103 109 97 0 105 111 99 0 99 106 94 0 96 103 89 0 87 93 78 0 116 123 108 0 169 181 162 0 203 218 196 0 202 218 194 0 202 220 195 0 203 221 197 0 205 221 198 0 206 222 198 0 206 222 198 0 205 224 198 0 205 224 198 0 206 225 200 0 208 225 201 0 207 226 200 0 207 226 200 0 207 226 200 0 207 226 200 0 207 226 201 0 206 226 200 0 206 226 199 0 207 225 200 0 209 229 204 0 210 230 204 0 194 215 189 0 170 187 163 0 156 172 150 0 200 215 192 0 214 231 207 0 208 227 202 0 209 228 203 0 208 229 205 0 209 229 204 0 210 229 203 0 209 227 202 0 216 233 212 0 145 160 149 0 78 88 87 0 75 82 81 0 82 89 87 0 66 69 67 0 56 58 57 0 59 61 61 0 60 62 63 0 57 59 59 0 54 56 56 0 56 58 56 0 55 58 55 0 54 56 56 0 56 60 60 0 57 63 63 0 71 78 79 0 98 107 106 0 145 157 153 0 181 195 185 0 183 200 186 0 183 199 185 0 187 204 190 0 188 205 191 0 186 203 191 0 185 200 198 0 107 120 129 0 69 81 91 0 73 87 93 0 85 101 108 0 102 118 130 0 110 127 142 0 108 126 140 0 106 122 137 0 103 117 135 0 96 110 129 0 95 109 126 0 95 110 125 0 98 115 128 0 92 108 119 0 87 98 108 0 80 87 97 0 72 79 87 0 
203 215 210 0 167 179 175 0 151 163 161 0 146 159 157 0 128 144 142 0 128 145 142 0 113 129 128 0 105 120 124 0 113 127 135 0 103 114 126 0 100 110 126 0 98 109 127 0 108 121 143 0 127 140 163 0 138 153 174 0 150 167 185 0 169 186 206 0 180 198 222 0 189 209 231 0 216 235 249 0 129 144 148 0 65 73 73 0 74 77 75 0 63 67 60 0 72 78 72 0 89 96 94 0 83 90 86 0 85 91 85 0 108 114 106 0 146 155 144 0 159 168 156 0 172 181 169 0 165 173 161 0 156 163 152 0 146 154 142 0 145 154 141 0 169 180 166 0 181 195 177 0 189 205 182 0 185 198 176 0 102 110 94 0 93 99 87 0 91 97 82 0 110 116 98 0 113 119 100 0 100 106 90 0 102 107 95 0 106 111 98 0 89 96 82 0 90 97 83 0 89 93 82 0 92 97 84 0 117 126 110 0 190 203 182 0 203 219 195 0 204 220 196 0 203 222 197 0 204 223 198 0 206 224 199 0 207 224 198 0 206 225 199 0 207 226 200 0 208 227 201 0 208 227 201 0 208 227 202 0 208 227 202 0 208 227 202 0 208 227 200 0 208 227 201 0 206 227 199 0 205 226 200 0 210 229 205 0 189 206 182 0 172 186 162 0 138 148 125 0 111 119 98 0 95 103 82 0 125 136 113 0 187 205 178 0 208 228 203 0 211 230 206 0 210 229 204 0 211 230 204 0 212 231 204 0 210 229 203 0 218 236 213 0 169 184 171 0 85 97 93 0 82 90 87 0 63 68 66 0 59 61 60 0 76 77 77 0 83 83 85 0 77 79 81 0 60 64 65 0 56 61 60 0 56 61 60 0 55 57 57 0 53 55 55 0 54 58 57 0 54 59 58 0 61 67 66 0 92 100 99 0 150 163 159 0 178 192 182 0 186 201 187 0 184 201 189 0 133 149 141 0 99 114 107 0 110 122 115 0 119 131 126 0 105 118 121 0 78 92 102 0 77 89 100 0 77 89 98 0 87 104 112 0 99 116 130 0 102 118 134 0 97 112 129 0 97 110 128 0 96 107 124 0 95 105 121 0 93 104 122 0 91 105 120 0 84 100 112 0 82 97 109 0 73 85 98 0 70 81 93 0 
187 197 191 0 145 156 153 0 130 145 145 0 128 144 143 0 116 130 129 0 108 123 122 0 108 127 127 0 122 141 144 0 119 134 141 0 109 121 131 0 110 121 134 0 117 129 144 0 134 148 166 0 140 152 173 0 133 144 166 0 177 191 213 0 192 206 230 0 199 216 236 0 215 232 246 0 202 216 223 0 90 98 101 0 58 64 63 0 80 84 83 0 77 81 77 0 61 65 58 0 70 77 69 0 100 110 100 0 148 158 145 0 153 162 150 0 171 180 169 0 170 179 167 0 169 178 167 0 172 180 169 0 172 180 170 0 160 169 158 0 155 164 152 0 160 170 157 0 181 193 178 0 192 206 186 0 163 175 153 0 94 103 85 0 104 110 94 0 95 101 86 0 87 93 77 0 92 97 81 0 98 103 88 0 108 113 100 0 120 127 112 0 97 104 90 0 85 90 77 0 78 83 71 0 95 100 87 0 106 114 98 0 139 150 130 0 195 210 188 0 205 220 197 0 206 223 199 0 206 224 199 0 207 226 201 0 207 226 201 0 207 226 202 0 208 227 202 0 207 228 201 0 207 228 202 0 207 228 202 0 208 228 203 0 207 228 203 0 208 230 202 0 206 229 200 0 208 230 203 0 208 227 201 0 177 193 169 0 123 135 111 0 117 124 102 0 104 111 89 0 120 127 105 0 91 97 78 0 106 112 96 0 101 110 89 0 142 155 129 0 203 220 194 0 214 233 208 0 212 231 206 0 213 232 208 0 212 231 206 0 216 235 210 0 192 207 191 0 98 110 105 0 88 97 95 0 61 66 64 0 74 79 77 0 92 96 96 0 76 79 79 0 62 67 66 0 57 61 61 0 55 58 58 0 56 57 57 0 55 57 57 0 51 53 53 0 50 53 52 0 53 57 56 0 59 65 64 0 88 97 96 0 156 164 162 0 172 182 178 0 184 197 189 0 142 157 153 0 80 94 97 0 71 83 87 0 79 90 93 0 72 84 88 0 60 75 79 0 69 87 93 0 77 93 104 0 74 91 100 0 74 92 99 0 84 102 111 0 92 109 122 0 92 109 123 0 91 105 121 0 89 103 118 0 87 100 114 0 85 98 110 0 83 97 105 0 78 93 98 0 73 88 95 0 69 81 90 0 60 70 79 0 
166 174 170 0 121 130 129 0 113 126 126 0 115 129 128 0 106 119 117 0 103 115 115 0 105 119 121 0 114 128 132 0 109 123 126 0 98 108 113 0 100 109 115 0 125 137 146 0 151 167 178 0 140 152 168 0 108 117 139 0 150 163 187 0 185 201 223 0 201 216 233 0 224 235 245 0 170 181 186 0 72 78 77 0 60 64 58 0 71 76 73 0 85 89 88 0 73 77 72 0 74 80 71 0 155 165 154 0 168 178 165 0 162 172 160 0 169 178 167 0 169 177 167 0 169 178 168 0 170 178 168 0 170 179 168 0 172 181 170 0 170 180 168 0 168 178 165 0 182 193 177 0 176 188 171 0 121 130 113 0 82 89 71 0 85 91 72 0 90 96 78 0 82 88 72 0 91 95 81 0 91 95 84 0 100 105 94 0 113 119 107 0 89 95 83 0 84 89 77 0 78 82 71 0 89 93 79 0 107 113 96 0 112 121 102 0 171 184 163 0 204 220 196 0 207 223 199 0 208 225 200 0 207 227 202 0 208 227 202 0 208 228 202 0 209 228 203 0 208 228 203 0 209 228 203 0 208 228 203 0 208 229 204 0 208 229 204 0 209 229 202 0 211 231 204 0 186 203 179 0 137 148 126 0 125 133 110 0 114 120 99 0 127 134 114 0 106 114 93 0 95 102 81 0 89 94 76 0 104 109 92 0 114 119 100 0 107 114 92 0 143 154 131 0 212 230 205 0 213 232 207 0 213 234 208 0 213 234 207 0 212 233 207 0 213 232 212 0 123 137 128 0 87 96 94 0 82 89 88 0 85 93 92 0 72 78 78 0 56 59 58 0 58 60 60 0 65 69 68 0 63 68 67 0 58 62 61 0 55 58 57 0 50 52 52 0 49 51 51 0 52 56 56 0 58 64 63 0 92 99 99 0 161 169 168 0 181 190 189 0 150 164 163 0 94 113 119 0 72 89 98 0 79 95 103 0 87 104 110 0 69 84 90 0 66 77 81 0 69 80 84 0 78 87 95 0 75 86 96 0 69 84 94 0 73 90 102 0 84 99 112 0 88 101 115 0 85 98 114 0 82 95 109 0 80 92 105 0 77 89 99 0 74 85 91 0 66 78 82 0 62 72 75 0 65 72 76 0 83 89 94 0 
130 143 139 0 89 100 99 0 98 112 110 0 108 122 120 0 101 111 109 0 103 114 113 0 102 113 114 0 99 107 112 0 100 106 109 0 89 94 95 0 82 89 89 0 104 115 118 0 140 153 158 0 130 138 148 0 96 99 115 0 98 105 126 0 128 139 164 0 181 194 216 0 194 206 222 0 141 150 159 0 74 79 79 0 70 74 69 0 71 75 71 0 80 85 83 0 82 87 81 0 110 118 106 0 168 176 165 0 162 169 159 0 169 176 168 0 170 177 168 0 171 177 169 0 171 178 169 0 171 178 170 0 171 178 171 0 171 179 170 0 172 180 170 0 171 181 170 0 181 191 179 0 151 161 147 0 99 106 91 0 79 84 69 0 74 79 64 0 81 87 70 0 93 98 82 0 93 98 85 0 87 91 81 0 100 105 95 0 85 91 80 0 73 80 69 0 76 82 71 0 76 80 70 0 75 80 68 0 99 105 88 0 111 120 101 0 139 151 132 0 198 214 191 0 207 226 200 0 207 226 200 0 208 227 202 0 209 228 203 0 210 228 203 0 208 229 202 0 209 230 202 0 211 229 204 0 211 230 204 0 211 231 204 0 210 231 204 0 210 229 203 0 213 232 207 0 133 147 124 0 100 108 87 0 120 126 104 0 108 114 92 0 109 115 93 0 98 103 83 0 80 85 68 0 116 122 102 0 119 124 100 0 129 133 110 0 90 94 74 0 78 84 64 0 175 188 163 0 222 240 213 0 213 234 206 0 214 236 209 0 212 233 207 0 222 241 218 0 172 186 174 0 81 91 88 0 88 98 97 0 87 98 97 0 88 97 95 0 92 98 97 0 90 95 95 0 79 86 86 0 70 77 77 0 61 67 67 0 56 60 59 0 50 52 52 0 50 52 52 0 53 56 56 0 56 60 61 0 99 105 105 0 168 176 173 0 181 192 190 0 113 125 129 0 79 92 101 0 63 73 82 0 86 98 106 0 75 89 95 0 68 80 84 0 66 77 81 0 65 77 83 0 67 77 86 0 63 74 82 0 63 78 87 0 74 91 103 0 77 92 106 0 77 90 104 0 77 89 100 0 74 87 94 0 70 84 90 0 72 86 92 0 65 77 83 0 58 69 72 0 64 74 78 0 93 103 109 0 115 125 131 0 
94 109 107 0 71 83 82 0 84 95 93 0 107 119 116 0 105 114 112 0 107 117 115 0 103 115 113 0 101 112 113 0 114 124 128 0 114 123 126 0 88 96 96 0 93 101 101 0 124 133 133 0 105 110 113 0 93 95 102 0 100 103 117 0 111 118 140 0 132 143 166 0 143 158 175 0 129 137 148 0 84 89 91 0 80 84 83 0 77 82 80 0 79 85 83 0 107 115 110 0 168 177 167 0 175 186 172 0 181 193 179 0 183 194 181 0 183 193 180 0 183 195 181 0 183 195 181 0 182 194 179 0 182 193 178 0 182 192 178 0 182 192 179 0 182 192 179 0 184 195 180 0 137 146 128 0 119 127 110 0 98 104 89 0 74 79 65 0 77 82 68 0 92 96 83 0 84 89 76 0 86 91 80 0 102 107 98 0 76 81 70 0 61 66 55 0 71 75 66 0 71 76 66 0 74 80 68 0 92 99 83 0 115 123 105 0 126 135 117 0 191 205 183 0 210 229 204 0 208 227 202 0 210 228 203 0 210 229 204 0 210 230 204 0 209 230 205 0 210 231 205 0 212 230 205 0 212 231 205 0 212 231 206 0 212 231 206 0 216 235 211 0 185 202 178 0 91 102 81 0 98 105 87 0 112 118 100 0 99 105 87 0 79 84 64 0 117 121 102 0 132 136 117 0 100 103 82 0 108 112 89 0 110 112 92 0 88 91 74 0 88 94 76 0 129 139 118 0 216 234 208 0 216 238 210 0 216 238 210 0 215 237 210 0 215 236 211 0 218 237 218 0 125 139 132 0 76 87 85 0 94 106 104 0 98 109 109 0 97 105 106 0 85 91 93 0 69 76 76 0 59 65 64 0 57 59 60 0 52 54 54 0 47 49 49 0 49 51 51 0 48 51 50 0 57 60 58 0 117 124 122 0 163 172 172 0 133 144 150 0 89 102 113 0 64 74 84 0 76 86 94 0 79 91 96 0 65 77 82 0 78 90 94 0 68 79 83 0 54 62 67 0 59 68 75 0 61 71 78 0 50 61 65 0 57 67 74 0 70 80 91 0 70 83 93 0 67 82 91 0 69 83 91 0 63 80 85 0 66 85 87 0 65 81 85 0 68 80 87 0 85 99 111 0 102 119 133 0 92 108 120 0 
80 91 89 0 70 77 74 0 72 79 77 0 95 102 100 0 105 113 111 0 108 117 116 0 110 124 123 0 111 126 129 0 125 141 147 0 134 147 154 0 117 126 130 0 90 94 97 0 98 101 103 0 95 100 101 0 84 88 89 0 99 103 109 0 106 114 125 0 98 111 123 0 110 125 138 0 127 141 152 0 103 113 119 0 86 94 94 0 87 93 91 0 103 109 106 0 191 201 189 0 204 216 198 0 201 215 194 0 200 215 194 0 199 215 193 0 199 214 192 0 199 214 192 0 201 215 193 0 200 215 192 0 200 215 192 0 200 215 193 0 200 214 194 0 203 215 195 0 195 207 187 0 114 123 104 0 101 107 93 0 110 115 101 0 107 113 96 0 94 99 84 0 95 100 87 0 87 91 79 0 93 97 86 0 90 95 84 0 76 81 71 0 68 71 62 0 73 76 67 0 69 74 65 0 70 76 64 0 84 92 77 0 102 110 93 0 110 120 102 0 181 195 173 0 214 232 208 0 209 228 203 0 211 229 204 0 211 230 204 0 212 231 205 0 212 231 206 0 212 231 206 0 212 232 206 0 213 232 207 0 212 233 207 0 210 232 206 0 219 239 214 0 168 181 159 0 83 89 70 0 90 96 78 0 93 100 80 0 100 107 87 0 94 100 82 0 72 77 61 0 100 107 88 0 91 97 81 0 74 79 65 0 97 102 87 0 89 94 79 0 91 96 80 0 128 137 117 0 204 220 196 0 221 243 215 0 217 239 211 0 219 240 213 0 218 239 212 0 220 240 215 0 213 231 213 0 126 137 130 0 85 93 91 0 89 97 97 0 79 85 86 0 70 75 76 0 58 62 62 0 50 52 51 0 45 46 46 0 46 47 47 0 47 47 47 0 45 45 45 0 41 41 41 0 69 71 72 0 106 109 113 0 107 112 120 0 105 113 128 0 79 89 105 0 71 83 93 0 91 105 111 0 68 82 88 0 82 97 103 0 79 92 99 0 54 64 71 0 63 72 77 0 78 90 94 0 50 61 64 0 42 48 50 0 47 49 51 0 58 64 69 0 67 79 87 0 66 81 89 0 66 80 89 0 69 85 92 0 70 87 92 0 73 93 98 0 72 94 102 0 90 107 122 0 93 108 124 0 81 97 109 0 
75 80 79 0 72 76 74 0 71 76 75 0 78 83 82 0 101 107 104 0 110 120 117 0 118 134 133 0 132 151 155 0 132 149 157 0 121 137 146 0 116 130 137 0 106 116 119 0 92 96 95 0 95 98 97 0 88 91 90 0 87 90 90 0 92 94 99 0 97 100 111 0 112 119 133 0 125 138 151 0 132 148 156 0 110 122 125 0 94 102 101 0 170 181 171 0 211 225 206 0 203 216 194 0 205 219 195 0 205 219 195 0 205 219 195 0 205 219 195 0 205 219 196 0 206 219 195 0 206 219 195 0 205 220 195 0 206 220 196 0 205 219 195 0 207 222 198 0 197 209 187 0 103 112 94 0 84 90 78 0 91 97 84 0 111 118 102 0 113 119 103 0 107 113 99 0 93 99 88 0 108 115 104 0 107 114 102 0 82 87 76 0 90 94 84 0 86 91 86 0 69 73 68 0 68 72 63 0 75 81 66 0 90 97 79 0 91 98 82 0 158 170 150 0 217 235 210 0 209 229 201 0 211 231 203 0 211 231 204 0 212 231 206 0 213 232 206 0 213 232 207 0 213 234 208 0 214 234 209 0 213 235 207 0 211 233 205 0 220 240 214 0 148 161 140 0 79 85 69 0 80 86 70 0 75 81 64 0 83 89 73 0 91 95 80 0 65 70 59 0 71 77 68 0 84 90 83 0 86 89 84 0 82 86 77 0 94 99 85 0 82 88 70 0 117 127 105 0 206 224 198 0 223 245 217 0 219 241 212 0 220 242 214 0 222 242 214 0 222 241 214 0 221 241 216 0 220 237 219 0 138 149 140 0 66 72 68 0 67 71 68 0 59 62 61 0 52 53 52 0 47 48 46 0 45 47 45 0 45 46 46 0 43 43 43 0 38 39 39 0 73 70 79 0 110 107 120 0 66 66 74 0 90 94 102 0 94 103 114 0 68 79 89 0 89 105 112 0 73 88 95 0 74 90 97 0 95 112 120 0 63 76 83 0 42 50 56 0 69 79 84 0 76 86 92 0 39 48 52 0 39 46 46 0 39 46 46 0 47 54 55 0 64 75 78 0 86 99 103 0 74 91 97 0 64 82 87 0 77 95 100 0 77 98 103 0 76 97 105 0 81 97 108 0 77 92 102 0 68 86 92 0 
74 76 76 0 73 76 75 0 74 77 76 0 75 78 78 0 87 92 90 0 108 116 113 0 121 133 131 0 138 154 158 0 147 163 172 0 124 137 144 0 103 114 119 0 105 113 115 0 98 101 102 0 94 96 96 0 99 101 101 0 90 92 90 0 83 87 84 0 100 104 109 0 113 119 132 0 122 133 149 0 135 150 165 0 122 135 144 0 133 145 143 0 208 220 205 0 207 219 198 0 208 221 199 0 207 221 198 0 207 220 198 0 207 220 198 0 207 220 198 0 207 220 198 0 207 220 198 0 206 221 197 0 206 221 197 0 205 222 197 0 206 221 196 0 208 222 199 0 204 216 194 0 119 127 110 0 93 99 86 0 81 86 76 0 87 94 84 0 99 105 95 0 95 101 91 0 102 107 97 0 94 101 91 0 90 97 89 0 85 92 85 0 89 96 90 0 102 110 104 0 84 90 85 0 69 72 65 0 75 79 67 0 86 91 76 0 85 92 76 0 166 179 159 0 219 237 211 0 210 230 202 0 214 232 205 0 212 233 206 0 212 233 205 0 213 232 205 0 212 232 205 0 212 233 208 0 213 234 208 0 213 235 207 0 212 234 206 0 222 242 215 0 135 148 126 0 74 81 64 0 76 81 65 0 70 75 59 0 66 70 59 0 69 72 65 0 71 75 70 0 77 82 80 0 113 120 120 0 96 104 103 0 110 118 114 0 80 84 78 0 79 84 73 0 134 144 126 0 220 236 212 0 224 245 218 0 221 244 215 0 220 243 215 0 222 244 217 0 222 243 216 0 217 239 212 0 216 239 214 0 221 240 220 0 138 147 136 0 60 65 59 0 53 56 53 0 51 52 51 0 49 50 50 0 46 46 46 0 42 43 43 0 44 43 44 0 72 72 76 0 110 106 120 0 105 99 122 0 80 75 98 0 87 89 106 0 62 71 81 0 79 91 98 0 88 102 109 0 53 65 75 0 62 77 87 0 64 80 92 0 48 60 67 0 42 48 51 0 51 54 58 0 51 53 59 0 39 42 45 0 34 38 38 0 33 37 36 0 36 41 40 0 48 55 54 0 81 93 92 0 150 167 166 0 97 116 118 0 68 87 92 0 70 88 95 0 73 86 94 0 73 82 92 0 72 82 93 0 71 82 92 0 
74 77 77 0 74 79 78 0 74 80 78 0 76 82 78 0 81 87 80 0 99 104 97 0 108 117 113 0 120 132 135 0 151 164 172 0 156 165 173 0 105 110 113 0 99 102 103 0 103 105 106 0 97 99 99 0 97 97 97 0 98 99 96 0 90 94 88 0 105 112 109 0 110 120 123 0 119 130 137 0 129 141 148 0 120 133 136 0 180 193 184 0 216 228 208 0 210 223 200 0 210 225 202 0 209 224 201 0 209 224 201 0 209 224 201 0 208 224 199 0 208 224 200 0 207 224 198 0 207 224 197 0 206 224 197 0 207 224 197 0 207 224 197 0 207 222 197 0 208 222 199 0 161 171 152 0 90 96 82 0 88 94 86 0 94 101 96 0 77 82 79 0 71 74 70 0 79 82 77 0 76 79 75 0 69 73 69 0 77 82 78 0 80 84 82 0 91 98 96 0 99 107 103 0 79 86 76 0 75 81 70 0 82 86 74 0 104 113 97 0 199 214 192 0 215 233 207 0 212 232 205 0 212 234 206 0 212 234 206 0 215 233 207 0 218 238 211 0 217 239 211 0 219 240 214 0 218 240 212 0 216 238 210 0 212 234 206 0 223 243 217 0 135 148 127 0 72 79 64 0 75 80 65 0 70 75 61 0 67 71 62 0 68 73 69 0 78 87 87 0 115 128 134 0 171 187 194 0 149 165 169 0 173 189 191 0 124 135 137 0 88 94 88 0 111 120 104 0 214 229 204 0 226 247 219 0 222 244 216 0 223 245 217 0 222 244 218 0 221 244 218 0 221 244 216 0 219 242 213 0 218 242 214 0 224 245 222 0 190 204 190 0 88 94 90 0 52 55 54 0 49 51 51 0 44 46 45 0 44 46 46 0 65 65 68 0 81 80 87 0 76 72 89 0 105 95 130 0 109 97 139 0 73 70 97 0 54 61 71 0 71 81 88 0 71 79 87 0 47 54 61 0 46 53 59 0 51 59 67 0 46 52 58 0 42 47 48 0 50 53 55 0 45 46 50 0 34 33 35 0 34 33 32 0 35 35 34 0 39 41 42 0 39 43 45 0 59 67 66 0 170 185 180 0 189 205 201 0 137 152 154 0 82 96 100 0 60 71 76 0 64 74 80 0 70 80 86 0 78 89 93 0 
73 76 73 0 77 82 77 0 78 84 79 0 79 85 79 0 84 88 83 0 89 93 85 0 92 98 91 0 100 108 106 0 126 138 138 0 170 180 182 0 142 148 149 0 99 101 100 0 108 109 108 0 106 106 106 0 98 99 97 0 97 98 96 0 100 102 99 0 105 111 108 0 110 117 117 0 119 124 126 0 115 121 121 0 152 161 154 0 216 228 210 0 212 227 203 0 213 228 204 0 214 228 204 0 213 227 203 0 212 227 202 0 212 227 202 0 211 226 202 0 210 226 202 0 210 226 201 0 208 227 200 0 209 227 200 0 209 227 200 0 208 226 199 0 208 225 198 0 205 221 196 0 201 215 194 0 124 134 120 0 93 102 96 0 99 109 104 0 104 115 98 0 89 101 77 0 83 93 78 0 87 94 88 0 88 96 89 0 88 96 82 0 90 98 86 0 96 105 99 0 105 112 109 0 84 92 81 0 80 87 74 0 75 82 70 0 138 148 132 0 213 229 205 0 213 233 205 0 214 235 207 0 212 234 206 0 216 238 210 0 213 234 206 0 187 207 179 0 181 199 174 0 181 200 175 0 188 208 182 0 205 225 199 0 210 232 206 0 225 246 220 0 153 166 145 0 69 77 59 0 73 78 64 0 72 77 68 0 79 86 82 0 82 90 92 0 92 107 115 0 145 166 180 0 219 238 245 0 231 243 243 0 216 236 240 0 198 226 239 0 148 166 174 0 91 100 89 0 196 211 188 0 232 251 224 0 225 243 217 0 227 244 220 0 227 244 220 0 225 244 219 0 224 244 218 0 223 244 217 0 221 244 216 0 216 238 211 0 233 253 231 0 116 131 120 0 53 59 57 0 53 56 56 0 45 49 48 0 61 62 64 0 66 65 71 0 63 60 75 0 81 75 102 0 89 82 117 0 49 45 70 0 62 65 79 0 57 65 76 0 64 75 83 0 56 64 70 0 45 48 52 0 39 42 45 0 51 56 59 0 43 47 51 0 32 35 37 0 40 42 42 0 36 37 38 0 34 34 34 0 36 36 36 0 40 39 41 0 42 41 45 0 44 44 47 0 39 44 43 0 135 148 140 0 203 219 210 0 193 211 203 0 178 197 190 0 134 150 147 0 96 108 110 0 67 78 79 0 66 76 76 0 
72 76 70 0 80 85 79 0 84 88 84 0 85 89 86 0 88 93 90 0 89 94 87 0 90 94 83 0 95 99 92 0 110 115 112 0 127 133 133 0 137 142 142 0 108 109 108 0 108 109 108 0 110 112 110 0 107 109 107 0 104 107 105 0 108 109 109 0 113 116 116 0 116 121 122 0 109 115 116 0 149 156 153 0 215 225 211 0 218 231 208 0 217 231 206 0 217 231 207 0 216 230 206 0 216 230 205 0 214 231 204 0 214 230 204 0 212 229 202 0 212 229 202 0 212 229 202 0 211 229 203 0 212 228 203 0 211 228 202 0 210 227 199 0 209 226 199 0 208 225 198 0 214 230 208 0 146 159 149 0 100 113 110 0 130 145 141 0 147 164 148 0 118 132 113 0 90 103 94 0 122 136 136 0 107 122 118 0 140 156 143 0 133 150 142 0 152 170 172 0 152 169 173 0 87 98 94 0 75 81 74 0 101 109 99 0 183 195 177 0 214 232 207 0 216 236 207 0 214 236 207 0 217 238 210 0 203 223 197 0 131 145 122 0 107 116 95 0 108 116 95 0 114 121 100 0 115 124 103 0 122 133 111 0 140 154 132 0 183 200 176 0 194 209 187 0 80 88 72 0 76 82 72 0 87 94 91 0 97 108 107 0 121 135 139 0 131 152 165 0 155 182 199 0 168 190 202 0 154 169 171 0 159 178 181 0 180 209 224 0 189 219 234 0 101 113 110 0 182 192 175 0 240 252 233 0 230 240 223 0 232 243 225 0 233 243 224 0 232 243 223 0 229 244 221 0 225 245 219 0 221 242 215 0 234 255 229 0 165 182 163 0 65 75 69 0 63 71 70 0 54 60 60 0 48 52 52 0 62 62 68 0 69 64 80 0 83 77 101 0 72 67 91 0 36 34 49 0 51 48 62 0 79 75 96 0 67 69 86 0 62 71 80 0 58 66 72 0 43 46 50 0 31 34 35 0 37 40 40 0 35 36 37 0 34 34 34 0 36 36 37 0 38 38 39 0 39 39 41 0 41 40 44 0 42 40 45 0 42 41 44 0 45 44 46 0 41 43 43 0 57 64 60 0 172 186 176 0 198 217 205 0 188 210 198 0 197 216 202 0 192 208 197 0 163 178 171 0 132 147 141 0 
73 76 70 0 83 88 84 0 87 93 91 0 90 96 94 0 93 100 98 0 95 101 95 0 97 102 90 0 97 101 89 0 103 105 96 0 111 113 108 0 115 116 113 0 112 112 111 0 113 113 111 0 113 114 112 0 113 114 112 0 114 117 116 0 118 121 118 0 115 118 114 0 110 117 111 0 159 170 161 0 219 232 216 0 221 234 212 0 219 234 209 0 221 235 211 0 221 235 211 0 218 234 208 0 218 234 207 0 216 234 207 0 216 233 207 0 215 232 205 0 215 232 205 0 214 231 204 0 213 231 204 0 212 230 204 0 213 229 203 0 212 229 202 0 212 229 201 0 211 229 201 0 208 227 202 0 147 162 160 0 122 136 139 0 134 148 147 0 177 190 188 0 138 149 146 0 106 119 119 0 161 178 185 0 133 152 160 0 140 160 166 0 208 231 238 0 205 230 242 0 151 174 186 0 115 134 139 0 92 105 107 0 128 140 137 0 211 229 209 0 217 238 211 0 216 238 209 0 214 237 208 0 222 242 213 0 134 150 124 0 88 97 76 0 107 113 93 0 105 112 91 0 108 115 94 0 111 117 97 0 101 107 87 0 99 106 86 0 108 118 98 0 189 203 182 0 117 127 111 0 71 80 71 0 103 118 116 0 116 137 139 0 136 158 166 0 136 161 176 0 116 138 154 0 83 101 116 0 74 90 104 0 88 105 120 0 108 132 153 0 176 208 229 0 147 169 180 0 171 184 185 0 219 230 221 0 238 245 230 0 236 241 228 0 237 242 229 0 234 242 228 0 233 242 226 0 227 241 220 0 234 253 228 0 191 209 189 0 64 73 65 0 49 55 53 0 63 71 70 0 54 62 62 0 45 50 51 0 58 58 70 0 94 88 117 0 69 64 91 0 36 33 46 0 37 34 40 0 65 59 76 0 113 101 133 0 84 76 106 0 52 54 66 0 54 59 63 0 38 40 41 0 31 31 31 0 33 33 33 0 42 40 43 0 44 43 47 0 41 40 45 0 41 39 46 0 43 41 48 0 44 40 50 0 43 40 50 0 41 40 45 0 38 38 41 0 41 41 44 0 39 40 43 0 65 72 68 0 184 199 185 0 196 215 198 0 192 209 194 0 194 211 197 0 197 216 202 0 196 218 205 0 
72 76 66 0 84 88 82 0 94 98 95 0 98 101 100 0 102 106 105 0 105 109 105 0 109 114 106 0 113 117 107 0 105 109 98 0 109 113 102 0 118 121 112 0 119 122 113 0 121 124 116 0 121 123 116 0 122 124 118 0 123 125 121 0 114 118 112 0 128 135 122 0 188 199 181 0 225 238 216 0 222 235 211 0 222 236 212 0 225 238 214 0 226 239 215 0 224 239 215 0 223 239 213 0 221 238 211 0 221 239 211 0 220 238 210 0 220 237 209 0 219 236 209 0 216 236 208 0 215 234 207 0 215 235 207 0 214 234 205 0 214 233 205 0 213 231 204 0 213 230 203 0 216 235 210 0 160 178 175 0 137 156 164 0 149 166 168 0 126 139 140 0 102 114 116 0 141 157 162 0 159 180 191 0 188 208 224 0 123 142 154 0 133 156 163 0 151 177 188 0 142 168 183 0 143 167 181 0 96 115 126 0 149 167 171 0 213 233 212 0 217 239 211 0 216 238 209 0 222 245 215 0 190 209 182 0 90 101 79 0 90 96 77 0 96 103 83 0 109 116 94 0 103 110 89 0 103 110 90 0 95 101 84 0 90 96 80 0 88 97 79 0 169 180 162 0 149 160 145 0 74 84 75 0 106 123 121 0 93 113 114 0 86 105 112 0 84 102 116 0 81 98 115 0 80 95 111 0 78 90 101 0 79 90 97 0 114 129 138 0 188 215 227 0 185 215 228 0 171 190 202 0 203 214 215 0 241 246 239 0 238 240 233 0 239 241 234 0 238 242 232 0 235 241 228 0 236 245 228 0 215 228 210 0 93 103 92 0 54 56 54 0 48 50 50 0 63 68 67 0 59 65 64 0 48 52 53 0 60 58 69 0 64 60 79 0 36 34 46 0 32 31 33 0 63 58 73 0 127 115 158 0 112 98 146 0 59 51 83 0 43 41 55 0 40 41 46 0 34 36 37 0 40 39 41 0 47 45 51 0 49 46 55 0 44 40 51 0 43 40 50 0 44 40 51 0 43 40 49 0 42 40 50 0 43 40 50 0 41 38 46 0 39 37 42 0 38 37 41 0 41 40 42 0 37 37 39 0 99 106 101 0 204 218 206 0 194 211 198 0 195 212 199 0 193 212 197 0 192 212 197 0 
78 81 73 0 89 92 87 0 100 105 100 0 106 111 108 0 111 118 113 0 116 123 118 0 123 126 122 0 121 123 118 0 141 146 134 0 136 142 126 0 118 123 107 0 122 127 113 0 123 127 116 0 122 126 115 0 126 129 120 0 132 137 130 0 168 176 164 0 217 229 210 0 231 246 221 0 224 238 213 0 223 239 212 0 225 241 214 0 227 243 216 0 227 243 217 0 227 244 217 0 227 244 216 0 227 244 216 0 226 243 215 0 224 243 214 0 225 243 214 0 224 242 213 0 222 241 213 0 220 238 211 0 218 238 209 0 219 238 209 0 217 237 208 0 216 235 207 0 213 234 206 0 218 238 212 0 182 202 191 0 143 165 170 0 148 171 179 0 111 131 140 0 92 108 117 0 106 121 130 0 92 109 121 0 102 120 136 0 110 128 144 0 89 109 125 0 117 142 160 0 146 174 192 0 143 171 186 0 125 148 161 0 174 195 196 0 216 239 215 0 218 240 211 0 218 240 211 0 227 247 218 0 139 154 129 0 79 88 67 0 85 91 71 0 84 92 70 0 101 108 86 0 104 112 90 0 92 98 79 0 80 86 69 0 80 85 68 0 77 84 69 0 146 158 140 0 184 196 180 0 87 98 89 0 94 106 102 0 71 81 78 0 65 76 75 0 72 84 89 0 125 137 149 0 124 136 147 0 100 109 115 0 123 133 135 0 212 224 224 0 234 250 251 0 195 222 233 0 139 160 180 0 214 225 234 0 240 243 243 0 239 240 238 0 240 241 239 0 240 241 236 0 238 240 232 0 243 248 237 0 175 183 175 0 88 91 89 0 67 66 68 0 50 50 52 0 56 60 60 0 65 69 70 0 56 60 61 0 42 43 46 0 34 33 36 0 33 32 33 0 60 56 66 0 130 117 157 0 121 107 160 0 76 66 109 0 53 46 70 0 40 36 46 0 42 40 46 0 47 43 52 0 48 44 56 0 50 48 61 0 48 44 57 0 47 43 55 0 46 43 54 0 44 41 53 0 43 42 51 0 41 39 50 0 41 39 52 0 42 39 49 0 40 37 46 0 38 37 41 0 37 36 38 0 40 39 42 0 44 47 46 0 161 172 161 0 204 222 208 0 195 213 199 0 197 214 200 0 196 214 197 0 
80 83 74 0 93 98 90 0 105 113 106 0 118 124 119 0 127 134 129 0 129 136 132 0 135 141 138 0 178 186 178 0 230 240 225 0 227 236 216 0 172 180 159 0 153 158 140 0 166 171 156 0 186 192 178 0 205 212 198 0 221 231 214 0 237 248 228 0 235 246 224 0 231 243 219 0 231 244 220 0 230 244 220 0 230 244 220 0 232 244 222 0 233 244 223 0 234 244 223 0 234 244 223 0 234 244 222 0 234 244 222 0 233 244 222 0 230 245 220 0 228 244 218 0 226 244 216 0 225 244 214 0 222 243 213 0 222 242 213 0 221 241 213 0 220 240 210 0 219 239 208 0 220 240 212 0 205 224 208 0 157 176 177 0 124 146 154 0 100 119 128 0 107 122 127 0 141 154 157 0 92 106 112 0 134 150 161 0 174 193 205 0 91 111 125 0 102 127 144 0 131 160 178 0 138 166 183 0 167 191 207 0 192 215 209 0 217 242 214 0 219 242 212 0 221 245 215 0 216 237 209 0 109 121 100 0 81 87 70 0 79 85 67 0 82 89 69 0 98 105 84 0 91 97 78 0 83 88 72 0 74 80 63 0 74 80 63 0 77 84 67 0 112 122 103 0 209 223 204 0 113 128 115 0 81 92 88 0 71 79 78 0 62 70 69 0 75 86 90 0 196 208 213 0 240 248 250 0 223 230 231 0 234 241 241 0 240 244 243 0 238 242 241 0 210 234 236 0 199 223 230 0 231 239 241 0 238 240 240 0 239 241 239 0 240 241 239 0 240 241 239 0 239 240 238 0 238 239 234 0 235 239 230 0 228 233 225 0 148 151 149 0 49 51 52 0 54 59 59 0 67 74 76 0 55 59 63 0 32 33 35 0 33 32 33 0 44 40 49 0 99 87 119 0 117 101 148 0 89 77 121 0 67 60 91 0 41 37 52 0 42 40 46 0 46 43 52 0 51 47 60 0 49 44 61 0 51 45 63 0 46 43 60 0 47 44 61 0 45 42 59 0 46 42 59 0 45 42 56 0 42 38 52 0 41 38 53 0 42 39 50 0 41 38 46 0 39 38 42 0 37 36 39 0 38 38 39 0 33 35 33 0 92 100 91 0 205 221 206 0 197 215 201 0 198 215 201 0 196 215 201 0 
83 88 73 0 94 99 88 0 114 121 114 0 131 138 131 0 143 150 144 0 166 174 166 0 211 221 208 0 238 247 234 0 235 240 230 0 237 242 232 0 240 245 235 0 237 242 231 0 242 246 236 0 244 248 239 0 244 247 239 0 242 245 235 0 237 240 231 0 238 241 232 0 239 241 232 0 238 241 232 0 238 241 232 0 238 241 231 0 238 241 232 0 238 240 233 0 238 241 234 0 238 241 233 0 238 240 232 0 237 240 231 0 237 241 229 0 234 240 224 0 233 242 221 0 231 244 219 0 228 244 216 0 226 245 215 0 224 244 216 0 225 245 215 0 224 244 214 0 223 243 213 0 223 243 213 0 218 236 216 0 164 182 178 0 124 144 149 0 106 126 130 0 109 128 130 0 119 135 138 0 105 120 130 0 119 138 153 0 126 149 163 0 99 120 133 0 108 131 145 0 125 151 168 0 143 170 186 0 155 178 189 0 200 221 206 0 224 246 217 0 221 243 213 0 227 248 218 0 206 224 197 0 95 105 86 0 82 87 72 0 75 79 66 0 75 80 67 0 88 93 81 0 83 87 76 0 82 86 79 0 83 88 80 0 78 82 72 0 84 89 73 0 102 113 89 0 205 221 197 0 163 178 162 0 77 87 82 0 75 81 80 0 78 83 83 0 101 113 121 0 168 184 193 0 243 249 251 0 232 240 240 0 195 206 211 0 217 227 232 0 223 238 241 0 202 229 233 0 202 224 228 0 233 240 242 0 240 241 241 0 241 241 240 0 241 242 240 0 241 241 241 0 242 242 241 0 246 247 246 0 247 248 244 0 243 248 241 0 129 133 137 0 58 58 69 0 52 56 61 0 64 70 74 0 40 45 49 0 31 31 33 0 31 30 32 0 54 48 64 0 88 77 112 0 86 75 116 0 80 71 109 0 59 54 79 0 36 33 44 0 46 43 50 0 44 41 50 0 49 46 58 0 49 45 59 0 50 45 60 0 46 43 57 0 48 43 59 0 47 43 60 0 48 44 59 0 47 42 55 0 44 40 52 0 42 38 49 0 41 38 46 0 40 38 44 0 39 37 44 0 38 36 41 0 37 36 38 0 36 38 38 0 41 46 40 0 170 181 170 0 207 225 212 0 197 215 202 0 199 216 204 0 
89 94 80 0 103 107 97 0 121 126 120 0 161 167 163 0 216 222 216 0 238 242 236 0 239 242 235 0 235 238 232 0 238 239 235 0 238 239 235 0 238 239 234 0 239 240 236 0 238 240 235 0 237 239 234 0 238 239 234 0 238 241 233 0 239 241 234 0 239 241 235 0 239 241 235 0 238 241 234 0 238 241 233 0 237 240 231 0 237 240 231 0 236 239 231 0 237 240 232 0 237 239 232 0 235 238 229 0 234 238 228 0 234 238 226 0 230 235 220 0 226 232 215 0 235 243 223 0 233 243 220 0 230 244 218 0 228 244 218 0 227 244 217 0 226 244 217 0 225 245 216 0 223 243 214 0 227 246 220 0 197 215 200 0 134 154 153 0 120 138 141 0 85 96 97 0 95 102 103 0 104 111 115 0 110 118 125 0 106 116 125 0 96 114 124 0 122 147 161 0 137 165 179 0 114 137 144 0 95 111 107 0 210 229 209 0 225 247 219 0 222 243 213 0 232 252 221 0 194 212 183 0 86 96 77 0 98 106 95 0 97 103 98 0 85 91 88 0 81 86 83 0 87 93 91 0 114 124 124 0 107 119 120 0 102 113 109 0 88 96 83 0 104 113 94 0 217 229 211 0 153 166 158 0 100 115 114 0 110 125 127 0 125 141 149 0 124 144 158 0 143 162 178 0 220 230 240 0 178 188 199 0 94 111 133 0 115 138 161 0 150 177 199 0 166 194 213 0 184 201 209 0 229 234 234 0 236 239 235 0 234 237 233 0 232 234 230 0 231 234 230 0 232 235 230 0 198 202 195 0 188 192 190 0 137 138 149 0 67 66 87 0 68 64 83 0 58 55 68 0 48 48 54 0 32 31 34 0 33 32 33 0 34 33 36 0 60 55 72 0 83 72 106 0 83 72 112 0 73 67 101 0 46 43 64 0 38 34 47 0 51 46 58 0 44 40 52 0 50 46 60 0 49 43 61 0 50 45 60 0 49 44 58 0 48 45 58 0 47 44 59 0 47 42 58 0 47 42 56 0 44 39 54 0 42 38 51 0 42 38 49 0 40 37 47 0 39 35 45 0 38 36 42 0 37 36 39 0 38 38 39 0 29 30 28 0 109 117 108 0 212 229 214 0 198 217 203 0 188 207 194 0 
93 96 84 0 107 112 101 0 157 162 155 0 234 237 235 0 245 246 245 0 240 240 240 0 240 241 240 0 241 240 241 0 240 241 241 0 240 241 239 0 240 241 239 0 240 241 239 0 240 241 239 0 240 240 240 0 240 241 240 0 240 241 240 0 240 241 239 0 240 241 240 0 240 240 240 0 240 241 239 0 240 241 239 0 240 241 240 0 240 241 240 0 241 242 240 0 240 242 239 0 240 242 239 0 241 242 239 0 241 241 240 0 241 242 239 0 242 244 239 0 233 239 228 0 231 238 222 0 238 243 227 0 236 242 224 0 233 243 222 0 230 244 220 0 228 244 218 0 227 244 217 0 225 245 215 0 227 246 218 0 212 231 210 0 140 161 156 0 118 139 143 0 109 126 131 0 141 152 162 0 132 139 159 0 155 164 187 0 162 177 195 0 131 153 168 0 123 150 165 0 134 160 171 0 100 116 115 0 123 134 121 0 221 238 215 0 226 246 219 0 224 242 216 0 234 251 226 0 198 211 188 0 88 98 82 0 113 124 117 0 103 115 114 0 95 106 108 0 113 126 130 0 142 157 162 0 154 173 182 0 135 158 168 0 115 137 140 0 79 92 84 0 102 110 94 0 230 238 223 0 168 180 174 0 104 122 125 0 139 161 170 0 151 174 187 0 113 134 150 0 95 112 130 0 81 94 112 0 115 125 139 0 138 150 163 0 77 91 107 0 113 134 152 0 157 180 193 0 191 206 209 0 234 241 236 0 237 239 235 0 237 240 235 0 240 243 239 0 241 245 238 0 170 174 164 0 134 133 141 0 125 121 150 0 83 77 107 0 79 73 97 0 69 63 84 0 60 55 71 0 39 36 45 0 32 31 33 0 36 35 37 0 49 46 58 0 72 64 92 0 82 72 109 0 79 69 107 0 69 62 92 0 37 34 48 0 43 39 51 0 50 46 61 0 43 38 53 0 49 43 59 0 50 44 61 0 48 44 60 0 46 42 59 0 50 44 62 0 49 43 61 0 48 42 60 0 46 41 56 0 44 40 52 0 42 39 51 0 40 38 49 0 39 37 46 0 39 35 44 0 37 34 43 0 37 35 40 0 35 34 36 0 34 34 33 0 50 55 48 0 188 200 186 0 209 226 212 0 161 177 167 0 
90 95 80 0 105 111 100 0 223 228 223 0 245 247 244 0 238 238 238 0 240 241 239 0 240 241 239 0 240 240 239 0 240 240 240 0 240 240 239 0 240 241 239 0 240 241 239 0 240 240 239 0 240 240 240 0 240 241 239 0 240 240 239 0 240 240 239 0 240 241 239 0 240 240 240 0 240 240 239 0 240 241 239 0 240 241 239 0 240 240 239 0 240 240 239 0 240 241 239 0 240 241 239 0 240 241 239 0 240 240 239 0 240 241 239 0 240 241 239 0 236 240 233 0 228 235 221 0 238 243 231 0 238 242 230 0 237 242 227 0 235 243 223 0 233 243 223 0 232 243 222 0 230 244 220 0 228 244 217 0 228 246 222 0 155 173 163 0 117 137 140 0 116 137 144 0 108 125 136 0 86 98 114 0 88 103 122 0 129 152 170 0 134 160 176 0 123 150 163 0 112 133 139 0 87 98 92 0 171 182 164 0 232 248 224 0 228 243 219 0 230 242 221 0 234 246 224 0 217 229 209 0 116 128 114 0 111 123 118 0 77 88 85 0 70 83 83 0 111 125 133 0 140 159 170 0 91 111 119 0 93 111 116 0 104 122 123 0 80 92 85 0 110 118 102 0 238 246 230 0 215 223 217 0 115 131 134 0 122 143 154 0 121 140 156 0 86 101 114 0 71 80 87 0 63 71 74 0 138 149 154 0 152 166 174 0 70 82 91 0 134 153 164 0 162 184 193 0 199 213 216 0 240 244 243 0 241 241 241 0 240 241 237 0 205 208 199 0 172 175 167 0 144 141 160 0 133 125 165 0 95 89 125 0 83 76 103 0 76 70 95 0 67 61 83 0 55 50 64 0 38 37 40 0 38 37 40 0 46 42 54 0 65 58 82 0 75 65 101 0 79 71 109 0 72 65 103 0 62 56 84 0 33 28 44 0 48 44 59 0 49 44 61 0 43 37 53 0 48 43 59 0 48 44 60 0 44 41 56 0 46 41 57 0 49 44 60 0 48 43 59 0 47 41 57 0 46 40 57 0 44 39 54 0 44 39 51 0 41 37 49 0 39 36 47 0 40 36 46 0 37 36 41 0 35 34 36 0 34 34 35 0 36 35 36 0 26 28 25 0 128 138 126 0 215 230 219 0 139 153 146 0 
93 94 83 0 172 176 165 0 241 245 240 0 238 239 238 0 240 240 239 0 240 241 239 0 240 240 240 0 240 240 240 0 240 240 240 0 240 240 240 0 240 240 240 0 240 240 240 0 240 240 240 0 240 240 240 0 240 241 239 0 240 241 239 0 240 240 240 0 240 240 240 0 240 240 240 0 240 240 240 0 240 241 239 0 240 241 239 0 240 240 240 0 240 241 239 0 240 241 239 0 240 240 240 0 240 240 240 0 240 241 239 0 240 240 240 0 240 241 239 0 239 242 238 0 234 239 231 0 234 240 230 0 239 242 234 0 238 242 231 0 238 242 229 0 237 242 228 0 237 243 226 0 234 243 224 0 230 242 221 0 235 250 227 0 187 205 188 0 115 133 130 0 123 144 148 0 127 147 153 0 112 130 138 0 131 152 162 0 152 177 189 0 136 163 174 0 110 134 141 0 106 124 122 0 159 173 160 0 226 241 220 0 229 244 221 0 231 243 221 0 233 243 223 0 232 243 223 0 234 245 225 0 133 143 128 0 134 121 113 0 128 103 98 0 117 90 85 0 106 110 110 0 117 128 131 0 85 82 82 0 81 85 82 0 83 91 85 0 79 85 77 0 146 150 141 0 247 251 245 0 236 243 238 0 141 154 152 0 96 113 119 0 84 101 109 0 81 95 101 0 85 95 99 0 80 84 93 0 134 137 153 0 151 157 172 0 115 127 137 0 148 168 178 0 153 174 183 0 179 194 196 0 235 241 240 0 240 242 238 0 186 188 174 0 139 142 126 0 138 136 148 0 127 120 155 0 101 94 129 0 84 77 107 0 83 76 103 0 74 68 93 0 60 56 75 0 52 50 57 0 81 81 81 0 46 43 52 0 56 49 72 0 66 59 88 0 74 67 102 0 79 69 110 0 73 64 102 0 51 46 71 0 32 29 42 0 52 47 61 0 48 42 58 0 42 37 52 0 47 42 57 0 47 41 58 0 42 36 52 0 45 40 57 0 48 44 60 0 47 42 57 0 46 40 56 0 46 40 59 0 45 40 59 0 41 37 52 0 40 37 51 0 40 36 48 0 40 36 47 0 37 34 43 0 36 34 39 0 34 33 35 0 33 32 34 0 25 26 24 0 73 80 72 0 188 199 186 0 113 123 111 0 
172 182 166 0 234 246 228 0 233 241 229 0 239 241 238 0 240 241 240 0 240 240 240 0 240 240 240 0 240 240 240 0 240 240 240 0 240 241 239 0 240 241 239 0 240 241 239 0 240 240 240 0 240 240 240 0 240 241 239 0 240 241 239 0 240 241 239 0 240 240 240 0 240 240 240 0 240 240 240 0 240 240 240 0 240 241 239 0 240 240 240 0 240 240 240 0 240 240 240 0 240 240 240 0 240 240 240 0 240 240 240 0 240 241 239 0 240 240 240 0 240 241 239 0 236 240 234 0 230 235 225 0 239 242 234 0 238 240 234 0 238 241 232 0 237 241 229 0 237 242 227 0 237 242 226 0 234 241 223 0 237 246 227 0 211 224 208 0 116 131 124 0 114 134 133 0 122 143 146 0 117 138 145 0 127 152 162 0 141 168 177 0 115 140 144 0 83 101 102 0 148 165 159 0 232 250 231 0 230 245 221 0 233 243 223 0 235 243 224 0 234 242 225 0 240 248 233 0 200 209 196 0 126 136 125 0 178 134 125 0 167 109 96 0 136 98 89 0 113 111 108 0 131 132 130 0 139 101 97 0 93 82 72 0 86 89 81 0 92 95 89 0 156 160 155 0 243 247 244 0 238 244 234 0 200 209 197 0 99 111 108 0 84 98 99 0 68 79 80 0 75 82 89 0 111 116 136 0 134 142 168 0 183 200 219 0 192 214 230 0 136 159 173 0 132 151 160 0 151 168 169 0 224 235 233 0 204 208 199 0 136 137 119 0 148 143 155 0 124 115 150 0 101 94 127 0 88 83 113 0 81 76 103 0 78 71 98 0 70 63 89 0 61 55 75 0 53 49 62 0 59 56 66 0 49 44 60 0 60 54 80 0 63 57 88 0 80 72 110 0 75 65 106 0 71 62 97 0 45 40 60 0 37 34 45 0 54 49 63 0 48 43 59 0 42 37 51 0 45 41 54 0 44 40 54 0 39 34 48 0 44 39 54 0 49 43 59 0 46 41 57 0 46 40 57 0 45 41 59 0 43 40 56 0 41 37 53 0 39 37 49 0 39 36 46 0 38 35 44 0 37 35 41 0 36 34 40 0 34 33 36 0 32 31 33 0 29 30 28 0 40 44 37 0 120 127 113 0 105 113 96 0 
222 236 213 0 225 239 215 0 230 241 220 0 234 241 228 0 238 241 234 0 239 240 238 0 240 240 239 0 240 240 240 0 240 241 240 0 240 241 239 0 240 241 239 0 240 240 240 0 240 240 240 0 240 240 240 0 240 241 239 0 240 241 239 0 240 241 239 0 240 240 240 0 240 240 240 0 240 240 240 0 240 241 239 0 240 241 239 0 240 241 239 0 240 240 240 0 240 240 240 0 240 241 239 0 240 241 239 0 240 240 240 0 240 241 239 0 240 240 240 0 241 242 240 0 241 243 240 0 238 241 237 0 240 241 238 0 240 241 237 0 241 241 237 0 240 242 235 0 239 243 233 0 239 243 230 0 239 242 228 0 239 246 231 0 219 229 216 0 135 148 142 0 95 107 105 0 90 102 100 0 85 96 97 0 86 99 100 0 90 106 107 0 77 94 93 0 94 110 111 0 174 193 186 0 231 246 228 0 233 242 224 0 237 242 227 0 238 242 229 0 236 240 229 0 244 250 238 0 179 187 180 0 132 141 136 0 160 141 138 0 147 133 132 0 127 140 143 0 129 142 150 0 153 166 173 0 118 120 121 0 99 97 95 0 89 93 89 0 104 112 108 0 137 144 143 0 237 240 239 0 236 239 233 0 249 253 243 0 166 174 170 0 84 97 96 0 83 95 97 0 94 104 110 0 74 82 93 0 62 72 84 0 132 148 164 0 167 189 208 0 144 167 181 0 98 114 121 0 145 158 160 0 211 223 221 0 149 157 142 0 125 125 119 0 124 115 147 0 100 93 124 0 90 84 111 0 85 78 105 0 79 72 99 0 73 67 94 0 67 61 86 0 61 55 78 0 60 53 74 0 55 47 70 0 54 47 72 0 63 55 85 0 70 62 97 0 81 72 111 0 70 61 101 0 68 60 94 0 39 34 54 0 41 36 50 0 55 49 67 0 49 43 60 0 40 36 49 0 41 37 49 0 44 40 52 0 37 33 45 0 43 38 53 0 47 42 58 0 45 40 57 0 46 43 59 0 43 40 56 0 43 39 52 0 42 37 51 0 43 37 52 0 41 36 48 0 38 36 43 0 37 36 40 0 36 35 39 0 35 33 36 0 33 32 33 0 30 31 30 0 28 29 25 0 59 61 49 0 99 103 83 0 
219 235 208 0 221 239 211 0 225 241 216 0 229 242 219 0 233 242 222 0 236 241 226 0 237 241 230 0 238 240 233 0 239 240 234 0 239 241 237 0 240 240 239 0 240 241 240 0 240 240 240 0 240 240 240 0 240 240 240 0 240 240 240 0 240 241 239 0 240 240 240 0 240 241 239 0 240 241 239 0 240 241 239 0 240 241 239 0 240 241 239 0 240 240 240 0 240 240 240 0 240 241 239 0 240 241 239 0 240 241 239 0 240 241 239 0 240 241 240 0 235 237 234 0 232 234 231 0 233 236 233 0 236 239 234 0 233 238 230 0 231 235 227 0 232 236 226 0 232 236 226 0 233 238 227 0 233 238 226 0 235 242 225 0 213 226 213 0 147 164 161 0 110 125 126 0 83 93 92 0 82 89 88 0 80 88 86 0 75 83 82 0 84 97 99 0 122 142 145 0 183 202 196 0 235 247 231 0 235 241 226 0 237 242 227 0 237 242 229 0 237 240 229 0 242 248 237 0 198 206 199 0 128 138 136 0 133 148 151 0 148 166 177 0 126 144 158 0 130 147 162 0 145 161 179 0 109 124 137 0 101 112 118 0 89 98 100 0 107 117 117 0 169 176 177 0 240 243 244 0 238 239 239 0 243 244 243 0 223 228 225 0 95 106 104 0 82 97 99 0 95 110 115 0 87 100 105 0 126 139 148 0 184 204 220 0 161 186 203 0 108 129 139 0 74 88 91 0 172 185 187 0 178 193 190 0 108 116 107 0 116 112 121 0 97 91 115 0 86 80 103 0 87 79 104 0 83 75 102 0 76 69 96 0 72 66 92 0 67 61 85 0 64 57 81 0 62 55 80 0 55 50 76 0 54 49 77 0 62 54 87 0 77 68 107 0 79 69 112 0 70 60 102 0 66 57 93 0 37 31 54 0 42 37 52 0 54 47 67 0 48 42 61 0 39 35 48 0 39 35 45 0 41 38 46 0 35 33 40 0 44 40 53 0 48 42 59 0 46 41 60 0 46 42 61 0 43 40 56 0 44 39 55 0 43 37 53 0 42 36 53 0 41 36 51 0 40 36 49 0 38 34 45 0 38 35 45 0 35 33 38 0 32 31 33 0 30 30 30 0 26 27 24 0 39 40 33 0 80 83 68 0 
219 232 206 0 221 235 209 0 223 238 213 0 226 240 216 0 228 241 218 0 230 242 219 0 231 242 221 0 234 242 223 0 235 241 226 0 237 241 230 0 238 240 233 0 239 240 236 0 239 240 237 0 240 241 239 0 240 240 239 0 240 241 239 0 240 240 240 0 240 241 239 0 240 241 239 0 240 241 239 0 240 241 239 0 240 240 240 0 240 241 239 0 240 241 239 0 240 241 239 0 240 241 239 0 240 240 240 0 240 240 240 0 240 240 239 0 240 241 238 0 234 240 231 0 222 233 214 0 200 213 191 0 172 185 163 0 167 182 159 0 172 187 165 0 175 189 168 0 175 188 168 0 176 190 171 0 179 193 173 0 180 195 175 0 173 191 177 0 149 171 170 0 127 148 153 0 99 116 118 0 81 94 95 0 80 91 92 0 80 92 94 0 105 126 132 0 133 157 165 0 191 210 204 0 237 247 231 0 237 241 226 0 237 242 228 0 237 241 228 0 237 240 229 0 241 247 235 0 212 221 213 0 129 141 139 0 118 134 136 0 109 125 132 0 88 101 110 0 85 97 107 0 91 104 114 0 82 93 99 0 84 93 95 0 86 94 94 0 102 111 110 0 180 187 186 0 244 246 246 0 238 239 238 0 238 239 237 0 249 250 248 0 171 177 174 0 68 80 77 0 81 98 100 0 104 121 128 0 130 148 160 0 142 164 177 0 104 125 135 0 52 66 72 0 101 114 117 0 187 203 207 0 146 159 157 0 97 100 96 0 97 93 103 0 86 80 98 0 84 77 98 0 85 77 102 0 78 71 97 0 74 66 96 0 71 63 93 0 66 59 85 0 66 58 85 0 62 55 83 0 59 52 82 0 61 54 85 0 65 57 93 0 79 71 112 0 74 64 107 0 68 59 98 0 61 56 87 0 36 31 53 0 44 39 58 0 52 46 68 0 46 41 61 0 36 33 45 0 35 32 40 0 39 36 45 0 33 30 40 0 42 38 51 0 48 41 59 0 46 41 60 0 43 39 58 0 44 40 59 0 42 37 55 0 44 38 55 0 41 36 52 0 39 34 49 0 41 36 51 0 40 35 48 0 37 34 43 0 35 34 38 0 31 31 32 0 29 29 29 0 26 26 27 0 30 32 27 0 64 67 55 0 
216 228 203 0 217 231 206 0 219 233 209 0 222 235 212 0 223 236 215 0 224 239 215 0 227 241 217 0 229 242 219 0 230 242 220 0 232 242 224 0 234 242 225 0 235 241 228 0 237 241 231 0 238 241 233 0 238 240 234 0 239 240 236 0 239 241 237 0 239 240 238 0 240 240 239 0 240 241 240 0 240 241 240 0 240 240 240 0 240 240 240 0 240 241 239 0 240 241 239 0 240 241 240 0 240 240 240 0 240 241 240 0 240 240 241 0 239 240 238 0 237 242 235 0 225 237 218 0 197 211 187 0 174 187 164 0 139 148 128 0 117 125 106 0 116 124 107 0 121 128 113 0 123 130 114 0 122 128 112 0 116 126 110 0 147 164 157 0 151 175 177 0 123 148 154 0 101 122 126 0 80 98 99 0 78 94 96 0 88 108 114 0 121 147 157 0 137 164 171 0 194 214 206 0 236 247 230 0 234 241 225 0 237 242 226 0 237 242 226 0 237 241 227 0 240 244 231 0 222 231 222 0 131 143 140 0 101 115 117 0 92 105 107 0 80 90 92 0 67 73 72 0 63 68 67 0 72 78 77 0 78 84 83 0 79 87 85 0 88 96 91 0 180 186 182 0 246 250 247 0 237 239 237 0 240 241 239 0 240 240 239 0 243 246 242 0 179 185 180 0 87 98 96 0 67 78 78 0 58 65 67 0 55 61 62 0 45 51 50 0 56 67 69 0 123 140 148 0 168 186 193 0 105 114 110 0 94 94 90 0 89 85 92 0 82 75 91 0 83 76 97 0 82 74 101 0 75 68 96 0 72 64 93 0 70 62 90 0 65 58 85 0 65 57 87 0 61 53 84 0 63 55 87 0 71 63 98 0 75 64 104 0 79 69 111 0 72 62 105 0 67 58 98 0 58 52 85 0 34 28 52 0 44 38 60 0 49 43 68 0 45 40 61 0 38 33 46 0 30 28 34 0 35 33 39 0 32 30 38 0 40 36 47 0 48 43 60 0 47 41 61 0 44 39 58 0 44 40 58 0 42 37 53 0 45 40 57 0 41 37 53 0 39 35 48 0 40 36 49 0 39 35 47 0 36 33 41 0 35 33 38 0 32 31 34 0 28 28 29 0 27 27 27 0 27 28 26 0 47 49 41 0 
209 226 198 0 211 227 201 0 214 228 204 0 217 230 207 0 218 232 208 0 219 235 208 0 222 236 211 0 224 238 212 0 225 239 214 0 226 240 217 0 227 241 218 0 229 242 221 0 230 242 221 0 233 242 223 0 235 242 224 0 236 242 226 0 236 241 228 0 237 240 230 0 238 241 232 0 239 240 235 0 239 240 235 0 239 240 236 0 239 240 236 0 240 240 237 0 239 240 237 0 239 240 237 0 239 240 237 0 239 240 237 0 238 238 236 0 243 244 241 0 246 250 242 0 242 253 234 0 215 232 208 0 200 219 197 0 202 219 198 0 183 197 176 0 146 157 138 0 126 133 115 0 118 124 107 0 127 136 125 0 163 177 173 0 157 177 180 0 143 168 175 0 115 139 149 0 101 120 128 0 84 101 106 0 83 101 105 0 102 124 132 0 128 155 167 0 138 166 175 0 189 210 204 0 231 247 227 0 229 241 219 0 232 243 222 0 231 243 222 0 232 242 222 0 232 242 223 0 235 247 230 0 165 178 167 0 94 107 104 0 91 102 102 0 73 81 79 0 68 73 72 0 73 78 77 0 64 72 70 0 66 75 72 0 70 80 74 0 102 110 102 0 216 221 214 0 243 245 242 0 239 240 239 0 240 241 240 0 238 238 238 0 244 245 244 0 241 245 239 0 105 110 100 0 52 55 49 0 50 50 48 0 47 49 49 0 49 53 53 0 54 64 69 0 115 133 145 0 122 139 144 0 80 87 77 0 87 86 81 0 85 78 87 0 83 73 89 0 85 76 98 0 80 70 100 0 76 65 96 0 69 61 91 0 66 60 87 0 64 57 84 0 61 54 82 0 59 51 81 0 67 60 93 0 78 69 108 0 80 69 110 0 78 65 108 0 73 62 105 0 63 55 94 0 56 51 82 0 33 28 50 0 44 37 58 0 48 41 65 0 44 38 58 0 36 32 44 0 30 28 34 0 31 30 33 0 31 29 34 0 36 32 43 0 48 41 61 0 46 39 60 0 47 40 61 0 42 37 54 0 44 39 54 0 44 38 55 0 41 34 52 0 40 35 51 0 41 37 51 0 40 36 47 0 35 33 39 0 35 33 39 0 33 32 36 0 29 28 30 0 27 27 27 0 27 27 26 0 38 38 33 0 
205 219 196 0 206 221 198 0 207 223 200 0 210 225 202 0 212 226 203 0 215 228 205 0 216 230 207 0 218 231 208 0 219 232 210 0 220 233 211 0 221 234 212 0 223 236 214 0 224 238 215 0 226 239 217 0 228 241 217 0 228 242 216 0 227 242 218 0 230 242 221 0 231 242 222 0 233 242 223 0 234 242 224 0 235 241 226 0 235 241 226 0 236 241 227 0 236 241 227 0 236 242 228 0 236 241 227 0 236 242 227 0 242 249 234 0 222 228 213 0 188 193 177 0 171 180 159 0 159 172 148 0 143 157 134 0 134 148 125 0 126 139 116 0 121 131 108 0 106 114 91 0 99 106 84 0 105 117 106 0 161 182 183 0 164 190 196 0 136 162 169 0 112 136 144 0 100 121 128 0 86 104 111 0 92 110 119 0 112 135 147 0 123 150 165 0 136 164 179 0 175 197 202 0 224 245 225 0 226 247 219 0 222 243 215 0 224 244 217 0 225 244 217 0 223 243 216 0 231 250 223 0 201 217 198 0 98 111 102 0 85 96 94 0 71 80 78 0 79 84 85 0 80 83 85 0 65 70 68 0 68 73 71 0 67 74 69 0 134 142 132 0 245 251 240 0 237 239 233 0 240 240 238 0 239 239 238 0 244 245 241 0 227 231 225 0 106 111 100 0 58 62 49 0 59 63 53 0 49 54 51 0 48 54 53 0 49 53 54 0 48 52 56 0 77 84 89 0 77 84 81 0 65 68 59 0 68 67 66 0 79 73 80 0 84 75 88 0 86 76 97 0 77 69 96 0 71 65 92 0 66 60 88 0 66 59 88 0 62 54 81 0 64 55 81 0 69 60 88 0 72 62 95 0 80 70 110 0 80 69 111 0 74 64 106 0 69 60 102 0 61 54 89 0 58 51 79 0 35 29 49 0 42 35 55 0 46 38 61 0 42 35 55 0 34 30 41 0 29 27 31 0 27 27 28 0 29 28 31 0 34 30 40 0 48 42 60 0 46 40 59 0 46 39 60 0 43 37 58 0 45 40 60 0 41 35 53 0 38 32 49 0 41 36 53 0 41 36 52 0 38 34 44 0 35 33 39 0 36 35 39 0 34 33 36 0 29 28 30 0 27 27 27 0 26 26 26 0 31 31 29 0 
202 215 192 0 203 216 194 0 202 217 195 0 205 218 197 0 207 219 198 0 208 221 200 0 210 222 202 0 212 223 204 0 213 225 205 0 214 226 205 0 214 228 205 0 216 229 207 0 217 230 208 0 218 231 209 0 220 234 211 0 220 235 209 0 221 236 211 0 223 237 213 0 224 238 213 0 225 239 215 0 225 240 216 0 227 241 215 0 228 241 217 0 228 242 218 0 228 242 218 0 228 242 217 0 228 243 218 0 230 244 219 0 178 188 162 0 122 127 102 0 110 112 88 0 102 105 81 0 99 102 78 0 96 100 75 0 94 99 75 0 92 98 74 0 91 97 75 0 94 99 77 0 96 102 79 0 94 101 81 0 92 103 92 0 129 150 151 0 154 182 188 0 134 159 167 0 108 128 135 0 96 115 123 0 100 121 133 0 123 147 162 0 132 160 176 0 145 175 191 0 187 216 229 0 183 206 199 0 179 199 176 0 223 246 216 0 215 239 208 0 215 239 209 0 215 239 209 0 219 242 212 0 211 230 206 0 108 121 111 0 82 91 90 0 75 84 82 0 68 73 74 0 67 72 73 0 69 74 72 0 66 71 68 0 63 70 63 0 155 166 151 0 238 252 231 0 231 240 223 0 234 241 226 0 234 242 228 0 233 242 226 0 115 123 107 0 54 59 46 0 57 60 48 0 44 48 40 0 42 48 45 0 46 52 51 0 44 49 50 0 42 46 46 0 49 51 47 0 54 56 49 0 42 44 40 0 58 57 60 0 71 67 76 0 83 77 93 0 81 73 99 0 72 66 96 0 68 64 93 0 65 60 90 0 66 58 89 0 55 47 78 0 86 84 93 0 112 111 112 0 66 53 91 0 81 70 109 0 78 66 109 0 75 63 106 0 66 57 97 0 61 52 89 0 59 52 82 0 36 30 52 0 38 32 51 0 44 37 58 0 39 33 50 0 33 30 38 0 27 26 29 0 26 25 26 0 27 27 29 0 32 29 37 0 45 40 56 0 48 42 61 0 46 39 60 0 46 40 60 0 43 38 55 0 39 34 49 0 39 34 50 0 41 37 54 0 40 35 51 0 35 32 43 0 36 33 42 0 37 34 43 0 35 33 38 0 29 28 29 0 27 27 27 0 26 26 26 0 27 27 27 0 
195 208 185 0 198 211 189 0 199 211 191 0 201 212 192 0 203 213 193 0 205 214 195 0 205 216 195 0 206 217 196 0 207 218 198 0 208 220 199 0 208 220 199 0 210 222 200 0 211 223 202 0 212 225 202 0 213 225 204 0 214 227 205 0 214 228 204 0 215 229 205 0 216 230 206 0 218 232 208 0 217 232 208 0 219 233 209 0 219 235 210 0 218 236 210 0 218 236 209 0 217 237 208 0 224 243 212 0 153 165 135 0 112 116 87 0 117 118 90 0 113 114 87 0 105 108 83 0 97 101 77 0 97 101 76 0 95 100 74 0 91 98 72 0 92 97 72 0 93 97 75 0 91 96 74 0 92 98 75 0 92 97 76 0 80 88 77 0 106 124 122 0 133 159 165 0 135 163 172 0 138 164 176 0 145 172 187 0 162 192 209 0 170 204 223 0 155 188 205 0 140 166 175 0 112 124 120 0 107 117 101 0 164 181 159 0 214 236 211 0 214 237 208 0 211 235 205 0 210 233 203 0 217 236 211 0 132 144 131 0 78 84 81 0 81 86 85 0 76 81 80 0 78 84 83 0 68 74 73 0 58 64 61 0 67 75 64 0 186 202 181 0 224 247 220 0 219 241 213 0 219 241 213 0 232 253 225 0 170 186 162 0 54 63 43 0 54 59 43 0 46 50 38 0 39 42 33 0 36 39 34 0 38 42 40 0 35 38 38 0 34 36 33 0 43 44 39 0 35 37 32 0 36 36 36 0 54 51 59 0 63 58 71 0 82 75 96 0 77 69 100 0 70 63 96 0 67 60 94 0 67 59 92 0 62 55 87 0 59 51 81 0 71 65 85 0 79 72 92 0 68 56 95 0 78 67 109 0 73 63 107 0 72 63 105 0 62 54 94 0 63 56 93 0 60 53 84 0 36 32 53 0 34 29 46 0 41 35 54 0 37 32 47 0 34 31 41 0 28 26 31 0 24 24 25 0 24 24 25 0 29 27 33 0 45 40 56 0 50 42 64 0 47 39 62 0 47 40 62 0 41 37 53 0 36 34 45 0 40 36 51 0 44 38 57 0 39 34 50 0 36 31 44 0 37 33 45 0 38 34 45 0 36 34 41 0 30 29 32 0 28 28 27 0 26 26 26 0 26 26 26 0 
184 195 180 0 194 205 186 0 194 206 185 0 195 207 186 0 196 208 186 0 198 210 188 0 199 210 189 0 200 211 191 0 201 211 191 0 203 213 193 0 203 214 195 0 204 215 195 0 204 215 195 0 204 217 195 0 205 218 196 0 207 218 197 0 208 219 198 0 209 221 199 0 209 223 199 0 210 224 200 0 211 225 200 0 211 225 201 0 210 226 202 0 211 227 203 0 209 226 201 0 217 235 207 0 154 167 137 0 109 112 82 0 123 123 93 0 111 110 81 0 107 106 79 0 100 102 76 0 91 96 70 0 93 97 72 0 91 97 71 0 91 96 71 0 91 96 71 0 91 95 70 0 90 94 70 0 90 94 72 0 88 94 72 0 86 91 71 0 81 86 68 0 79 88 79 0 96 112 112 0 123 145 152 0 142 170 180 0 142 170 182 0 122 145 153 0 103 116 115 0 97 104 94 0 104 110 93 0 106 114 94 0 104 112 93 0 139 152 131 0 180 197 175 0 184 203 182 0 192 212 190 0 213 234 209 0 160 174 156 0 72 79 74 0 75 82 82 0 82 91 90 0 77 86 84 0 58 66 63 0 54 60 54 0 72 81 69 0 192 208 187 0 215 238 210 0 209 233 203 0 210 234 204 0 222 243 216 0 115 129 108 0 45 50 35 0 45 50 37 0 40 44 32 0 36 39 30 0 34 36 30 0 32 33 29 0 29 30 26 0 37 39 33 0 32 35 28 0 28 30 26 0 35 35 35 0 50 48 54 0 58 54 67 0 80 73 96 0 77 66 97 0 71 62 95 0 67 59 92 0 65 58 91 0 59 52 85 0 60 52 86 0 80 71 109 0 76 66 106 0 61 53 90 0 74 64 105 0 74 64 107 0 71 62 102 0 60 53 87 0 128 124 149 0 77 72 95 0 37 31 52 0 31 26 41 0 38 33 47 0 35 30 43 0 32 29 39 0 27 26 30 0 23 24 23 0 23 23 23 0 26 25 30 0 45 41 58 0 49 42 66 0 46 39 63 0 47 41 62 0 38 34 52 0 38 35 49 0 42 37 53 0 43 37 52 0 37 33 44 0 38 34 44 0 38 34 45 0 37 34 43 0 36 34 39 0 29 28 30 0 26 26 26 0 26 26 26 0 26 26 26 0 
187 198 181 0 188 200 182 0 189 201 181 0 189 201 181 0 190 202 182 0 191 203 184 0 192 203 184 0 193 205 184 0 194 205 185 0 195 205 186 0 197 207 189 0 198 208 188 0 199 209 189 0 200 210 190 0 200 211 190 0 200 212 190 0 201 212 192 0 202 213 193 0 202 214 193 0 203 216 193 0 203 216 194 0 204 217 195 0 204 218 195 0 202 217 193 0 212 226 202 0 170 180 155 0 102 105 79 0 111 109 82 0 116 113 86 0 103 100 73 0 103 103 76 0 98 99 73 0 93 94 70 0 94 97 72 0 91 95 70 0 91 95 69 0 90 94 70 0 90 94 69 0 91 94 70 0 91 94 73 0 88 92 70 0 88 92 69 0 89 93 71 0 89 92 73 0 89 92 76 0 91 96 82 0 99 105 91 0 98 104 90 0 99 103 89 0 103 107 90 0 103 108 90 0 101 107 88 0 103 108 89 0 106 111 92 0 102 108 89 0 104 113 96 0 120 129 117 0 128 141 129 0 154 169 155 0 161 176 163 0 77 86 79 0 62 68 66 0 60 64 62 0 55 60 55 0 53 57 51 0 55 59 52 0 64 72 63 0 151 165 149 0 209 228 204 0 209 230 204 0 209 230 204 0 198 216 192 0 74 85 66 0 44 49 35 0 40 44 33 0 37 40 32 0 34 37 30 0 32 34 28 0 32 33 28 0 35 37 31 0 32 34 29 0 27 28 24 0 28 29 27 0 34 35 34 0 46 44 50 0 56 51 64 0 78 71 92 0 75 66 95 0 72 63 95 0 68 59 91 0 62 55 86 0 59 52 84 0 66 59 95 0 84 74 116 0 73 64 105 0 58 50 89 0 71 61 102 0 74 64 106 0 68 59 99 0 60 54 85 0 142 141 159 0 70 67 87 0 41 35 57 0 30 25 38 0 34 30 42 0 34 30 40 0 30 28 35 0 29 28 31 0 23 23 24 0 24 24 23 0 26 25 30 0 46 41 58 0 49 44 68 0 46 41 66 0 43 38 60 0 41 35 55 0 44 39 57 0 45 39 58 0 39 34 50 0 38 34 46 0 39 36 47 0 38 34 44 0 37 34 43 0 35 33 39 0 29 28 31 0 27 27 28 0 26 26 26 0 24 24 24 0 
185 193 176 0 184 195 177 0 184 195 178 0 184 196 177 0 186 197 178 0 186 197 179 0 187 197 180 0 187 198 179 0 188 199 178 0 188 199 180 0 190 200 182 0 192 201 181 0 193 202 182 0 194 203 183 0 192 203 182 0 193 205 184 0 193 205 185 0 193 206 186 0 194 207 186 0 195 208 186 0 196 209 187 0 197 210 189 0 198 210 189 0 200 213 191 0 193 205 182 0 106 110 87 0 106 105 80 0 103 101 73 0 104 104 78 0 91 91 67 0 98 99 74 0 95 96 71 0 95 97 72 0 93 97 71 0 91 95 70 0 91 96 73 0 93 96 72 0 92 98 72 0 96 101 75 0 99 103 77 0 99 103 77 0 101 104 79 0 99 103 78 0 98 101 79 0 102 105 83 0 106 110 88 0 108 114 91 0 106 111 88 0 105 111 88 0 100 106 84 0 99 105 85 0 101 106 86 0 102 106 87 0 103 107 88 0 103 108 88 0 102 108 88 0 101 107 88 0 101 106 91 0 99 107 96 0 113 123 116 0 87 96 92 0 62 68 63 0 57 62 56 0 54 58 52 0 53 54 48 0 53 57 51 0 60 67 63 0 89 100 92 0 110 123 107 0 161 178 156 0 201 220 197 0 160 175 154 0 49 55 39 0 44 48 37 0 38 41 32 0 36 38 31 0 33 35 28 0 30 33 24 0 33 36 27 0 34 36 30 0 29 30 27 0 27 28 27 0 28 29 27 0 39 39 38 0 46 44 49 0 50 45 59 0 75 67 89 0 74 65 93 0 70 62 92 0 65 58 90 0 60 53 85 0 57 52 82 0 65 59 94 0 71 63 102 0 65 56 95 0 56 48 86 0 69 60 100 0 73 63 105 0 65 54 95 0 58 49 84 0 72 68 94 0 53 48 76 0 45 39 65 0 30 27 42 0 28 24 35 0 33 30 39 0 29 27 34 0 30 28 33 0 24 23 26 0 22 22 22 0 26 25 29 0 45 40 55 0 50 44 67 0 46 40 64 0 41 36 58 0 42 36 58 0 45 39 61 0 42 36 56 0 38 32 51 0 41 34 53 0 39 35 52 0 38 35 49 0 39 35 47 0 35 31 41 0 30 29 33 0 28 27 29 0 26 25 26 0 23 23 23 0 
182 189 174 0 182 191 175 0 181 191 175 0 182 191 177 0 182 191 177 0 183 191 176 0 184 192 177 0 183 193 176 0 182 193 176 0 183 193 176 0 184 193 177 0 184 194 177 0 185 195 178 0 185 196 178 0 186 196 178 0 186 196 179 0 187 198 179 0 188 198 179 0 188 199 179 0 188 201 179 0 189 201 180 0 190 202 182 0 189 201 180 0 199 212 190 0 142 151 126 0 87 90 64 0 106 107 80 0 94 95 68 0 93 95 69 0 86 87 62 0 96 96 72 0 96 96 72 0 95 98 73 0 93 97 74 0 97 100 78 0 98 102 80 0 100 104 82 0 103 107 81 0 107 110 83 0 113 113 85 0 112 113 86 0 114 116 91 0 115 116 90 0 113 113 88 0 112 114 90 0 109 112 90 0 109 114 91 0 108 111 89 0 107 110 86 0 104 107 84 0 100 106 85 0 100 105 84 0 101 104 84 0 102 105 85 0 102 106 85 0 101 107 86 0 101 108 87 0 99 105 85 0 98 104 86 0 94 99 85 0 85 90 83 0 65 69 65 0 57 60 56 0 53 57 52 0 50 54 48 0 51 56 53 0 58 65 63 0 62 70 65 0 59 65 54 0 71 78 62 0 95 103 85 0 86 94 76 0 46 51 37 0 39 43 32 0 37 40 31 0 33 36 28 0 30 32 27 0 31 33 28 0 31 32 27 0 27 29 24 0 28 29 27 0 29 30 26 0 33 35 30 0 47 48 43 0 49 48 50 0 44 40 53 0 71 63 87 0 74 66 95 0 69 61 93 0 65 57 91 0 61 54 87 0 58 52 83 0 60 54 86 0 61 54 88 0 59 52 85 0 55 48 81 0 69 61 99 0 72 62 104 0 61 51 90 0 58 48 83 0 49 43 75 0 48 42 73 0 43 37 64 0 35 31 48 0 25 22 30 0 29 27 33 0 29 26 36 0 31 27 37 0 28 26 32 0 21 21 23 0 25 23 27 0 43 39 56 0 49 43 68 0 45 39 63 0 43 35 57 0 45 38 59 0 45 39 58 0 41 34 53 0 41 34 54 0 41 35 54 0 41 35 53 0 39 34 52 0 37 34 51 0 34 32 43 0 33 31 36 0 30 29 30 0 27 26 27 0 24 24 24 0 
179 185 173 0 180 186 174 0 179 187 174 0 180 187 175 0 180 186 175 0 181 188 175 0 182 189 175 0 182 189 176 0 180 189 176 0 181 189 175 0 181 189 174 0 179 189 175 0 180 189 175 0 180 189 175 0 181 191 175 0 181 190 175 0 181 191 176 0 182 192 175 0 183 193 176 0 183 193 176 0 183 194 176 0 184 194 176 0 185 197 176 0 185 197 174 0 97 103 78 0 91 93 66 0 99 101 72 0 88 90 61 0 87 88 62 0 84 84 60 0 91 94 67 0 95 97 70 0 95 99 72 0 100 104 79 0 104 108 83 0 105 108 84 0 107 111 86 0 109 112 86 0 116 118 93 0 119 121 96 0 119 121 96 0 121 123 98 0 122 124 97 0 119 122 93 0 118 120 92 0 114 117 90 0 113 116 91 0 112 114 90 0 109 112 88 0 104 109 86 0 101 108 86 0 100 105 83 0 102 105 82 0 103 106 84 0 102 105 83 0 100 106 84 0 99 106 85 0 97 104 83 0 100 104 83 0 96 101 82 0 85 89 77 0 68 72 66 0 55 59 54 0 51 55 51 0 49 53 50 0 49 54 51 0 49 52 48 0 46 51 42 0 55 59 47 0 56 61 47 0 54 59 43 0 55 60 45 0 46 50 38 0 35 39 28 0 33 36 28 0 31 33 26 0 30 31 26 0 28 29 26 0 26 27 24 0 27 28 25 0 31 32 27 0 33 35 28 0 39 42 33 0 47 49 41 0 47 48 46 0 44 40 51 0 64 58 81 0 75 66 98 0 68 61 94 0 62 56 88 0 59 53 85 0 58 52 83 0 58 51 82 0 71 62 97 0 66 59 94 0 57 49 85 0 68 60 99 0 66 58 98 0 56 48 85 0 54 47 79 0 52 45 76 0 48 40 70 0 43 36 61 0 40 34 51 0 28 25 33 0 24 23 26 0 28 26 32 0 30 27 36 0 30 28 35 0 23 22 25 0 22 21 25 0 41 38 53 0 49 43 68 0 43 37 62 0 43 36 57 0 45 39 60 0 41 36 56 0 39 34 55 0 41 35 56 0 41 35 55 0 42 36 55 0 41 35 54 0 38 34 53 0 36 33 47 0 37 33 43 0 32 31 35 0 28 28 30 0 24 24 24 0 
177 182 170 0 176 181 172 0 176 181 172 0 176 181 172 0 176 182 172 0 176 183 172 0 177 183 172 0 178 183 173 0 178 183 173 0 178 183 172 0 177 183 172 0 176 182 172 0 177 182 173 0 177 182 171 0 176 182 170 0 176 183 171 0 176 184 172 0 176 184 171 0 177 185 173 0 178 186 174 0 178 187 174 0 177 186 172 0 185 195 178 0 150 157 138 0 72 76 54 0 92 94 70 0 90 91 66 0 82 83 57 0 82 83 59 0 76 77 55 0 83 86 61 0 95 99 75 0 98 102 79 0 100 105 82 0 106 110 85 0 108 112 86 0 110 114 87 0 116 120 91 0 122 126 96 0 127 131 101 0 125 129 97 0 123 125 94 0 122 127 96 0 121 126 95 0 122 126 98 0 123 126 100 0 121 122 97 0 118 118 93 0 115 117 91 0 109 113 88 0 106 111 88 0 105 108 86 0 104 108 83 0 103 107 83 0 101 105 83 0 100 105 84 0 99 104 83 0 97 102 82 0 97 103 82 0 92 99 78 0 87 92 75 0 73 79 68 0 57 63 58 0 50 53 51 0 44 47 43 0 43 45 39 0 43 46 38 0 44 48 37 0 44 48 36 0 44 48 35 0 45 50 36 0 45 50 36 0 39 43 32 0 33 35 27 0 29 31 26 0 29 30 26 0 26 27 24 0 24 25 23 0 25 26 24 0 30 31 28 0 32 33 29 0 36 38 32 0 39 41 34 0 43 45 37 0 45 44 43 0 43 40 51 0 57 51 74 0 75 67 97 0 68 60 93 0 62 55 86 0 60 53 85 0 59 52 85 0 60 52 88 0 67 59 96 0 62 54 92 0 58 49 89 0 70 61 103 0 64 56 96 0 55 48 82 0 51 45 77 0 51 42 75 0 45 37 67 0 42 35 61 0 39 33 55 0 33 29 42 0 22 21 25 0 23 22 26 0 27 25 31 0 30 28 33 0 26 25 29 0 22 21 26 0 40 37 51 0 48 44 68 0 41 36 61 0 45 40 62 0 44 38 59 0 44 36 58 0 43 36 58 0 41 36 56 0 39 34 55 0 38 34 53 0 38 34 52 0 37 32 49 0 36 32 45 0 36 32 42 0 34 32 38 0 30 29 33 0 26 25 27 0 
172 178 166 0 172 177 168 0 173 178 169 0 173 178 169 0 173 177 169 0 174 178 170 0 173 178 168 0 174 178 168 0 174 177 169 0 175 177 168 0 173 177 167 0 171 175 165 0 171 174 164 0 170 174 164 0 169 173 162 0 169 173 162 0 170 175 163 0 170 175 164 0 170 175 164 0 171 177 166 0 172 178 167 0 171 178 167 0 180 187 173 0 114 118 96 0 65 68 45 0 86 88 66 0 80 82 59 0 73 75 52 0 78 81 57 0 74 78 54 0 78 81 58 0 94 97 74 0 97 100 77 0 99 103 78 0 104 108 82 0 108 112 87 0 114 117 92 0 125 127 101 0 187 188 163 0 215 215 196 0 206 205 187 0 198 197 175 0 170 174 144 0 173 176 147 0 157 161 131 0 141 144 114 0 128 129 100 0 126 128 99 0 123 125 97 0 120 122 96 0 113 116 92 0 106 111 89 0 103 109 87 0 101 106 84 0 100 105 84 0 99 104 84 0 100 104 85 0 96 99 79 0 95 99 79 0 92 97 75 0 89 95 74 0 74 80 65 0 52 55 47 0 44 47 40 0 41 44 34 0 41 45 34 0 41 45 34 0 38 42 31 0 37 41 30 0 38 42 32 0 38 41 32 0 37 40 32 0 34 37 30 0 30 31 27 0 27 28 24 0 27 28 24 0 24 25 24 0 30 31 29 0 39 40 37 0 29 30 27 0 36 38 33 0 38 40 33 0 38 40 33 0 38 40 35 0 42 42 40 0 46 43 54 0 55 49 74 0 74 66 97 0 67 58 90 0 61 53 86 0 59 52 86 0 59 52 86 0 54 48 80 0 54 47 79 0 59 52 86 0 59 51 88 0 70 61 102 0 60 51 92 0 53 45 81 0 50 43 77 0 48 40 73 0 41 36 66 0 40 35 62 0 38 32 56 0 35 31 47 0 26 24 30 0 21 20 23 0 24 23 27 0 27 26 30 0 27 26 30 0 24 23 28 0 39 37 51 0 49 43 67 0 43 38 63 0 46 40 64 0 45 38 60 0 42 36 56 0 39 32 51 0 36 29 47 0 35 31 45 0 37 34 46 0 41 38 50 0 41 37 49 0 37 33 41 0 29 27 32 0 26 25 28 0 29 28 31 0 29 28 31 0 
168 174 161 0 169 175 164 0 170 174 166 0 170 175 166 0 170 175 165 0 171 176 165 0 171 176 164 0 171 176 165 0 171 175 164 0 172 174 165 0 169 173 163 0 166 172 158 0 161 169 154 0 156 165 150 0 153 161 146 0 152 161 146 0 153 162 147 0 154 163 148 0 155 163 148 0 156 165 149 0 159 166 151 0 165 173 157 0 158 165 146 0 84 87 66 0 67 70 47 0 78 80 58 0 70 73 49 0 67 70 47 0 77 79 57 0 72 74 53 0 76 79 55 0 92 94 68 0 95 97 72 0 95 99 76 0 102 105 80 0 109 113 87 0 109 113 89 0 160 162 143 0 253 253 244 0 232 231 224 0 229 228 220 0 219 217 208 0 234 234 223 0 239 239 229 0 231 231 218 0 228 229 213 0 178 181 158 0 141 144 116 0 150 152 122 0 133 135 105 0 118 122 95 0 110 114 92 0 103 110 87 0 101 107 84 0 101 106 84 0 99 104 84 0 99 103 82 0 95 99 78 0 94 99 78 0 85 92 73 0 83 90 71 0 77 83 66 0 54 59 46 0 44 48 36 0 40 44 34 0 37 41 31 0 36 39 30 0 34 37 29 0 35 38 29 0 35 38 29 0 34 37 28 0 34 37 28 0 32 34 27 0 28 30 24 0 26 27 22 0 25 26 22 0 23 24 20 0 36 37 34 0 56 57 53 0 71 73 63 0 85 87 75 0 34 37 28 0 38 41 33 0 37 39 32 0 37 38 35 0 44 41 50 0 56 50 74 0 71 63 95 0 63 56 89 0 58 51 84 0 58 51 86 0 58 51 86 0 59 52 86 0 65 57 92 0 63 55 91 0 58 49 89 0 67 58 99 0 56 46 85 0 50 40 76 0 48 39 72 0 45 38 67 0 41 34 62 0 40 34 59 0 39 33 54 0 36 30 48 0 32 28 39 0 24 22 28 0 21 20 24 0 24 23 27 0 26 24 30 0 25 23 31 0 38 35 51 0 48 43 68 0 46 41 67 0 41 35 60 0 40 34 54 0 47 44 59 0 61 58 71 0 70 70 80 0 74 75 83 0 77 78 87 0 74 75 82 0 76 78 84 0 78 78 84 0 64 64 68 0 44 43 45 0 27 26 28 0 23 22 24 0 
165 172 157 0 166 172 159 0 165 172 160 0 165 173 161 0 167 174 162 0 167 174 162 0 167 174 163 0 168 174 163 0 168 173 163 0 168 173 162 0 166 172 160 0 163 171 158 0 157 167 152 0 151 160 145 0 144 152 136 0 137 144 129 0 135 143 128 0 138 146 130 0 140 148 131 0 139 146 130 0 140 149 132 0 153 161 143 0 123 128 107 0 69 74 54 0 63 67 48 0 71 74 55 0 65 67 47 0 65 67 47 0 75 77 57 0 66 69 49 0 73 76 55 0 90 92 69 0 91 93 70 0 91 95 71 0 99 102 79 0 107 110 86 0 107 110 84 0 195 195 178 0 232 230 223 0 202 200 191 0 222 221 210 0 196 196 185 0 226 226 218 0 229 229 220 0 226 224 215 0 233 233 222 0 200 200 184 0 226 226 210 0 238 238 225 0 222 223 205 0 184 187 164 0 120 123 101 0 103 108 85 0 101 107 84 0 99 104 82 0 98 103 82 0 97 102 82 0 93 99 78 0 91 96 76 0 82 88 69 0 79 85 66 0 77 83 65 0 59 64 49 0 39 43 32 0 36 39 30 0 36 38 31 0 34 36 30 0 33 35 28 0 32 35 26 0 33 36 27 0 33 36 28 0 32 34 27 0 30 32 26 0 27 29 24 0 24 26 21 0 23 24 20 0 22 23 19 0 35 36 35 0 55 55 51 0 65 65 54 0 95 96 81 0 63 65 53 0 29 30 24 0 35 37 31 0 39 41 37 0 38 37 41 0 53 48 70 0 67 61 92 0 59 53 85 0 57 51 82 0 58 51 83 0 59 51 86 0 65 56 96 0 69 59 100 0 62 53 93 0 59 49 89 0 67 57 97 0 56 45 82 0 47 38 70 0 45 37 67 0 43 36 63 0 40 33 57 0 40 33 56 0 39 32 53 0 35 29 48 0 33 27 43 0 28 25 35 0 21 19 23 0 22 21 22 0 25 23 26 0 24 22 29 0 37 32 47 0 50 44 67 0 42 37 59 0 54 50 68 0 75 74 86 0 75 74 85 0 65 64 76 0 51 50 63 0 38 37 49 0 33 33 41 0 26 28 34 0 27 27 34 0 31 31 37 0 38 40 44 0 54 54 56 0 58 57 59 0 38 38 39 0 
161 171 156 0 163 171 158 0 162 172 158 0 162 172 158 0 164 173 159 0 164 173 160 0 165 174 161 0 165 173 161 0 165 174 161 0 165 173 160 0 163 172 160 0 160 168 157 0 156 164 150 0 148 157 140 0 140 149 132 0 132 139 124 0 124 129 114 0 116 123 109 0 115 122 108 0 112 119 105 0 112 119 105 0 121 130 111 0 93 98 76 0 69 71 50 0 57 60 41 0 65 70 51 0 59 63 46 0 58 62 44 0 69 74 53 0 58 63 42 0 72 74 54 0 87 89 68 0 85 88 66 0 87 91 70 0 94 98 78 0 102 106 85 0 102 107 85 0 196 198 181 0 175 175 155 0 121 122 97 0 134 136 112 0 140 142 122 0 231 232 220 0 235 235 227 0 227 226 216 0 223 222 209 0 213 212 199 0 221 220 207 0 161 161 144 0 189 190 175 0 208 208 194 0 126 128 109 0 102 107 85 0 100 105 85 0 98 104 82 0 96 101 81 0 96 100 80 0 92 98 77 0 88 93 72 0 81 86 66 0 75 81 62 0 76 82 64 0 64 69 55 0 40 44 33 0 33 37 28 0 34 36 30 0 33 35 29 0 31 33 27 0 31 33 27 0 31 33 27 0 31 33 27 0 30 32 26 0 28 29 24 0 25 26 22 0 23 24 20 0 23 24 20 0 21 22 20 0 37 37 37 0 52 53 49 0 58 58 46 0 91 91 74 0 63 64 49 0 60 62 48 0 78 79 63 0 87 88 73 0 51 50 48 0 50 44 66 0 67 58 91 0 58 50 83 0 56 49 82 0 58 51 85 0 60 51 86 0 69 57 97 0 71 58 101 0 65 54 95 0 59 50 90 0 61 53 91 0 53 45 78 0 46 39 68 0 41 35 64 0 40 34 60 0 38 32 57 0 39 33 58 0 38 33 55 0 34 29 47 0 30 26 39 0 29 26 35 0 24 23 27 0 22 21 23 0 24 23 24 0 23 21 26 0 37 32 47 0 49 44 63 0 74 73 87 0 78 79 90 0 51 52 66 0 47 50 62 0 50 55 67 0 52 56 67 0 48 50 59 0 40 43 48 0 32 34 37 0 25 27 28 0 23 24 24 0 22 21 21 0 21 20 20 0 32 32 32 0 49 49 49 0 
154 163 152 0 155 164 151 0 156 165 152 0 155 165 152 0 156 166 153 0 158 168 155 0 158 168 155 0 159 169 155 0 159 169 154 0 159 168 153 0 158 165 151 0 158 166 151 0 154 163 148 0 149 156 141 0 141 148 133 0 131 137 123 0 122 127 111 0 111 116 102 0 101 106 92 0 94 98 85 0 91 95 83 0 96 100 84 0 81 84 64 0 66 68 47 0 57 58 38 0 64 65 48 0 56 57 42 0 56 58 41 0 68 71 50 0 57 59 40 0 73 74 54 0 82 84 61 0 80 84 61 0 84 89 68 0 92 98 77 0 97 104 82 0 101 108 83 0 121 125 100 0 124 127 99 0 119 123 93 0 113 117 88 0 118 121 96 0 162 163 146 0 212 211 202 0 215 214 206 0 219 218 208 0 229 228 217 0 232 231 214 0 181 181 153 0 158 158 127 0 130 131 104 0 112 115 91 0 102 107 85 0 97 103 80 0 95 101 79 0 92 97 77 0 93 97 77 0 93 96 76 0 83 87 69 0 77 81 62 0 71 76 58 0 73 79 61 0 66 71 56 0 44 47 37 0 32 35 28 0 32 34 28 0 32 33 28 0 30 31 27 0 30 32 27 0 31 32 27 0 29 31 26 0 28 30 24 0 27 28 23 0 23 25 20 0 23 24 20 0 22 23 20 0 21 22 20 0 28 29 27 0 43 45 41 0 46 48 39 0 72 74 61 0 76 78 62 0 81 84 64 0 79 81 62 0 62 64 49 0 35 35 35 0 51 46 66 0 62 54 85 0 55 49 80 0 56 49 81 0 58 52 85 0 59 52 87 0 68 58 96 0 69 60 100 0 64 56 94 0 59 51 88 0 59 52 88 0 52 46 78 0 44 38 67 0 40 33 60 0 39 33 58 0 39 33 57 0 38 33 57 0 39 33 54 0 35 30 45 0 29 26 36 0 28 26 33 0 27 26 31 0 23 22 25 0 23 22 25 0 24 22 27 0 34 32 44 0 75 73 89 0 67 66 82 0 52 56 70 0 79 91 103 0 91 112 122 0 89 111 123 0 82 102 116 0 73 91 104 0 63 79 90 0 52 65 74 0 43 50 58 0 33 37 41 0 28 29 30 0 26 25 26 0 19 19 19 0 20 20 20 0 
152 159 146 0 151 158 145 0 149 157 144 0 152 160 149 0 154 161 148 0 146 154 138 0 151 158 144 0 153 159 146 0 152 159 146 0 150 158 145 0 147 155 140 0 140 148 132 0 133 141 126 0 133 142 127 0 134 141 126 0 130 137 121 0 129 135 118 0 130 137 120 0 126 132 116 0 119 127 112 0 125 132 118 0 93 98 82 0 72 75 56 0 63 67 47 0 49 53 34 0 58 60 43 0 53 53 38 0 55 55 40 0 66 67 50 0 55 56 39 0 71 73 54 0 77 80 58 0 81 84 62 0 88 92 69 0 94 99 75 0 88 92 69 0 138 141 119 0 209 209 189 0 185 186 163 0 142 144 118 0 178 180 153 0 145 148 119 0 132 133 105 0 137 138 111 0 156 155 131 0 154 154 132 0 170 168 154 0 207 206 198 0 225 225 218 0 243 243 231 0 193 195 173 0 105 108 82 0 99 102 79 0 95 98 77 0 93 98 77 0 88 93 73 0 89 93 74 0 92 96 76 0 79 83 64 0 70 77 58 0 66 73 56 0 69 74 58 0 67 70 54 0 51 54 42 0 31 34 26 0 31 32 27 0 30 31 27 0 29 30 26 0 28 30 25 0 29 31 26 0 29 30 26 0 26 27 23 0 25 26 22 0 22 24 20 0 22 23 19 0 21 22 20 0 21 22 20 0 21 22 20 0 31 32 29 0 45 47 41 0 58 60 50 0 64 67 52 0 84 86 70 0 98 99 85 0 62 62 54 0 25 25 26 0 46 42 59 0 57 52 80 0 53 47 78 0 55 49 80 0 59 51 83 0 60 52 87 0 68 60 99 0 70 60 102 0 65 55 96 0 59 50 89 0 59 49 87 0 51 44 78 0 43 37 66 0 39 32 58 0 38 31 54 0 38 31 54 0 39 32 55 0 39 33 52 0 35 30 46 0 29 25 37 0 28 24 34 0 28 25 33 0 26 24 29 0 22 21 25 0 22 20 25 0 45 42 54 0 59 58 73 0 62 70 82 0 104 122 134 0 96 121 137 0 87 113 132 0 83 107 127 0 75 98 117 0 67 89 107 0 62 81 96 0 55 71 84 0 48 61 71 0 42 51 59 0 35 40 46 0 29 31 34 0 25 25 25 0 20 21 20 0 
161 168 152 0 165 172 157 0 182 189 174 0 158 163 147 0 162 168 152 0 189 194 178 0 165 170 155 0 165 169 155 0 162 168 155 0 162 169 156 0 155 161 147 0 115 120 104 0 86 90 74 0 78 82 70 0 77 81 70 0 105 110 97 0 107 113 98 0 81 87 73 0 85 91 77 0 100 107 89 0 114 121 102 0 82 85 65 0 69 71 51 0 62 64 45 0 47 49 32 0 55 56 39 0 48 49 33 0 53 54 39 0 62 63 47 0 51 53 37 0 71 72 54 0 77 78 59 0 81 84 64 0 85 87 67 0 83 85 63 0 84 87 64 0 117 119 101 0 145 146 130 0 128 129 110 0 146 146 128 0 219 217 202 0 204 201 183 0 212 209 189 0 219 216 197 0 228 227 212 0 222 223 205 0 168 170 145 0 170 171 146 0 155 157 134 0 162 164 144 0 149 151 129 0 104 107 82 0 94 100 76 0 91 96 76 0 88 94 75 0 84 90 70 0 87 93 72 0 88 94 73 0 74 80 60 0 66 72 54 0 66 70 54 0 69 73 58 0 65 68 53 0 58 60 48 0 31 34 25 0 29 31 26 0 30 31 27 0 29 30 26 0 28 29 25 0 29 30 26 0 28 29 25 0 24 25 21 0 23 24 21 0 22 23 19 0 22 23 19 0 21 21 20 0 21 22 20 0 22 23 20 0 35 36 34 0 43 44 42 0 52 54 47 0 69 72 58 0 66 69 55 0 49 49 40 0 34 35 29 0 35 34 33 0 61 58 68 0 58 52 76 0 51 44 74 0 55 49 80 0 58 50 83 0 61 51 87 0 69 59 100 0 69 60 102 0 64 54 96 0 58 49 89 0 57 48 86 0 50 43 76 0 42 37 66 0 40 34 60 0 38 31 55 0 38 31 53 0 39 31 53 0 39 32 52 0 35 29 46 0 28 24 36 0 27 24 33 0 25 22 31 0 27 24 32 0 24 22 28 0 22 20 27 0 34 32 43 0 53 60 71 0 105 124 135 0 96 123 139 0 90 115 134 0 88 112 131 0 83 107 125 0 73 96 113 0 67 88 105 0 65 82 99 0 58 73 85 0 50 63 72 0 43 57 63 0 38 48 53 0 33 38 41 0 27 29 31 0 24 23 24 0 
166 173 160 0 151 157 145 0 137 142 130 0 121 126 113 0 116 121 108 0 179 185 172 0 183 189 175 0 161 167 154 0 164 170 156 0 164 172 158 0 147 154 137 0 110 112 94 0 68 69 55 0 58 61 51 0 57 59 50 0 64 68 58 0 68 72 60 0 68 72 59 0 66 70 55 0 95 98 80 0 99 102 82 0 75 77 56 0 67 69 51 0 62 62 49 0 47 47 35 0 52 52 39 0 43 45 30 0 49 51 36 0 59 59 44 0 50 51 36 0 70 71 54 0 78 78 59 0 77 78 58 0 70 72 53 0 70 74 53 0 79 85 62 0 82 85 63 0 90 93 71 0 96 98 76 0 101 103 82 0 106 107 88 0 124 123 107 0 143 142 125 0 152 152 134 0 135 136 117 0 157 159 140 0 201 202 187 0 231 230 217 0 211 210 195 0 206 207 185 0 140 143 118 0 93 96 73 0 90 94 75 0 87 93 74 0 85 92 72 0 83 89 69 0 86 90 70 0 86 90 70 0 72 75 57 0 64 67 52 0 65 67 53 0 69 72 57 0 63 67 53 0 63 67 55 0 33 35 28 0 29 30 25 0 29 30 26 0 28 29 25 0 28 30 25 0 29 30 26 0 26 27 23 0 23 24 22 0 24 25 22 0 23 24 20 0 22 23 20 0 20 22 20 0 20 21 19 0 20 21 19 0 25 26 24 0 35 36 34 0 45 46 43 0 30 31 27 0 30 30 27 0 35 37 32 0 46 46 40 0 43 44 38 0 54 53 54 0 68 63 79 0 48 41 69 0 58 49 81 0 56 49 83 0 61 53 90 0 70 60 101 0 67 57 100 0 61 52 94 0 58 50 88 0 55 48 82 0 48 43 74 0 43 38 67 0 40 33 60 0 38 32 56 0 37 29 53 0 37 29 52 0 37 31 53 0 35 30 48 0 28 24 35 0 25 23 29 0 25 22 30 0 26 22 31 0 25 23 31 0 25 22 30 0 25 25 34 0 72 83 92 0 103 126 139 0 95 120 136 0 92 116 134 0 89 112 131 0 82 104 123 0 74 96 113 0 66 88 104 0 63 82 97 0 59 73 87 0 53 63 75 0 47 58 66 0 46 53 58 0 38 43 47 0 31 35 37 0 22 25 26 0 
137 141 131 0 64 67 60 0 56 60 55 0 62 65 61 0 60 62 57 0 73 76 70 0 166 171 161 0 164 171 159 0 159 166 153 0 166 172 158 0 141 144 127 0 101 102 85 0 68 69 58 0 64 66 58 0 65 67 58 0 61 64 55 0 62 66 56 0 73 77 66 0 70 75 59 0 101 105 86 0 88 90 72 0 70 71 54 0 66 65 53 0 61 61 48 0 44 44 31 0 48 48 33 0 38 41 26 0 44 47 32 0 54 54 40 0 51 51 34 0 69 70 50 0 71 72 54 0 67 69 51 0 61 63 44 0 72 74 54 0 72 75 55 0 82 85 63 0 95 97 74 0 94 96 73 0 93 96 71 0 93 96 71 0 94 97 71 0 101 101 77 0 106 107 79 0 108 107 82 0 104 104 79 0 114 114 91 0 123 122 101 0 133 131 111 0 157 154 136 0 132 131 110 0 90 91 69 0 89 91 71 0 88 91 72 0 86 89 70 0 82 85 66 0 81 86 68 0 83 87 70 0 70 73 57 0 59 63 48 0 63 68 52 0 66 70 55 0 63 68 53 0 72 75 61 0 42 45 35 0 29 30 25 0 29 30 26 0 27 29 24 0 28 29 25 0 27 28 24 0 24 25 21 0 23 24 21 0 23 24 22 0 22 23 21 0 21 22 20 0 20 21 20 0 19 20 19 0 21 22 20 0 23 24 22 0 29 30 28 0 37 38 35 0 42 44 38 0 55 56 48 0 56 57 49 0 32 33 28 0 27 28 25 0 35 35 36 0 58 55 71 0 49 41 69 0 60 49 83 0 58 48 84 0 64 54 94 0 71 62 104 0 67 56 99 0 61 50 92 0 60 49 88 0 56 48 84 0 49 42 75 0 43 38 66 0 40 34 61 0 39 33 57 0 38 31 52 0 35 29 49 0 36 31 50 0 36 30 48 0 30 25 37 0 25 22 31 0 25 23 31 0 24 22 27 0 25 23 27 0 24 23 28 0 24 25 34 0 77 88 99 0 103 126 140 0 94 121 137 0 92 116 134 0 88 113 133 0 82 106 126 0 74 98 116 0 68 91 107 0 64 85 100 0 58 74 87 0 54 64 77 0 50 60 69 0 47 56 61 0 42 50 53 0 37 42 45 0 28 32 33 0 
66 71 62 0 48 49 44 0 49 51 45 0 46 48 42 0 49 50 47 0 53 54 50 0 94 98 88 0 161 166 152 0 164 169 156 0 164 169 155 0 131 136 119 0 93 95 79 0 71 74 63 0 66 71 63 0 74 78 72 0 61 65 57 0 69 74 64 0 68 72 61 0 93 95 81 0 101 103 82 0 80 82 62 0 66 68 52 0 61 62 48 0 58 59 43 0 43 43 29 0 43 44 31 0 34 36 24 0 41 43 31 0 48 50 35 0 48 52 33 0 67 70 50 0 70 74 55 0 62 65 45 0 61 64 45 0 71 73 54 0 68 70 52 0 84 85 65 0 90 91 71 0 87 89 70 0 88 90 69 0 88 91 67 0 91 95 69 0 99 102 75 0 105 106 79 0 100 100 75 0 97 100 75 0 99 102 77 0 100 102 77 0 103 103 79 0 102 102 78 0 94 95 73 0 87 89 68 0 85 86 66 0 85 88 69 0 83 86 68 0 79 83 63 0 80 84 64 0 79 84 66 0 67 73 56 0 58 63 46 0 63 67 51 0 66 69 54 0 62 66 50 0 78 80 64 0 53 57 44 0 29 32 25 0 32 33 29 0 30 31 27 0 30 31 27 0 27 28 25 0 24 25 23 0 22 23 21 0 21 22 21 0 21 22 20 0 20 21 19 0 21 21 21 0 20 21 20 0 20 21 19 0 28 29 27 0 33 34 31 0 37 39 32 0 48 51 42 0 51 54 44 0 47 50 42 0 45 47 41 0 43 45 40 0 36 37 38 0 48 46 62 0 45 40 70 0 59 50 86 0 59 48 86 0 66 57 97 0 73 61 104 0 65 54 95 0 60 49 89 0 60 49 89 0 57 47 84 0 49 41 73 0 42 37 66 0 41 34 61 0 40 31 57 0 38 30 52 0 36 30 49 0 35 29 48 0 34 29 46 0 31 27 40 0 26 22 32 0 24 22 27 0 24 23 27 0 24 23 27 0 25 23 30 0 22 22 31 0 75 88 99 0 102 125 141 0 95 121 137 0 93 118 134 0 89 113 130 0 84 107 128 0 77 102 121 0 73 96 112 0 68 89 104 0 62 80 91 0 64 77 85 0 60 71 76 0 52 63 66 0 47 56 57 0 38 43 45 0 35 37 40 0 
47 50 42 0 47 50 41 0 46 50 41 0 47 49 42 0 45 47 42 0 47 49 44 0 57 60 52 0 117 122 110 0 166 172 159 0 157 164 149 0 118 123 106 0 87 89 74 0 72 75 64 0 71 75 66 0 78 83 73 0 71 75 64 0 75 81 70 0 143 148 137 0 163 167 151 0 84 86 65 0 84 86 65 0 68 69 51 0 60 61 44 0 59 59 44 0 41 42 31 0 37 39 29 0 32 33 25 0 42 43 33 0 45 46 35 0 49 52 37 0 64 67 51 0 62 64 47 0 53 56 40 0 65 68 50 0 66 69 52 0 69 72 56 0 83 85 66 0 81 84 63 0 81 83 62 0 81 84 63 0 83 85 64 0 90 93 69 0 96 98 74 0 97 98 73 0 93 95 69 0 90 93 69 0 92 95 70 0 93 96 71 0 97 99 77 0 97 100 75 0 88 91 68 0 80 83 61 0 81 83 63 0 80 84 63 0 75 81 61 0 73 79 59 0 75 80 60 0 76 81 63 0 68 73 56 0 57 60 43 0 65 68 51 0 68 71 55 0 59 62 46 0 76 79 63 0 67 70 57 0 41 43 36 0 30 31 28 0 30 31 28 0 30 31 28 0 28 29 26 0 26 27 25 0 29 30 28 0 26 27 24 0 20 21 19 0 19 20 18 0 22 22 21 0 20 21 19 0 19 20 18 0 25 26 24 0 28 29 26 0 30 31 27 0 33 35 29 0 36 38 32 0 35 36 32 0 32 33 29 0 28 29 26 0 28 26 31 0 44 39 58 0 49 41 71 0 60 51 84 0 60 49 86 0 68 58 99 0 69 58 101 0 60 50 92 0 57 47 88 0 56 47 88 0 55 46 85 0 48 40 75 0 40 35 64 0 41 34 61 0 38 30 55 0 37 30 53 0 36 29 51 0 34 28 49 0 34 29 46 0 32 28 43 0 28 24 35 0 23 21 27 0 24 22 27 0 23 22 26 0 25 23 27 0 20 21 27 0 71 84 94 0 101 126 139 0 95 121 137 0 92 118 134 0 88 113 130 0 84 108 129 0 81 105 125 0 80 101 117 0 80 100 110 0 81 98 106 0 81 96 103 0 77 88 93 0 65 74 78 0 54 62 64 0 42 49 51 0 34 40 43 0 
46 49 39 0 46 49 40 0 45 47 38 0 43 45 37 0 44 45 40 0 43 44 39 0 47 49 43 0 65 68 60 0 102 106 95 0 138 142 129 0 109 112 94 0 79 81 63 0 75 78 67 0 76 79 70 0 76 78 70 0 77 83 75 0 117 126 117 0 133 140 130 0 73 78 67 0 51 52 42 0 55 56 44 0 68 69 54 0 60 62 44 0 56 59 42 0 41 43 31 0 35 36 28 0 32 33 24 0 43 44 34 0 44 46 35 0 53 56 43 0 58 61 45 0 50 54 38 0 54 57 41 0 69 71 53 0 63 67 47 0 75 79 58 0 80 83 62 0 76 79 56 0 77 80 58 0 80 83 60 0 81 84 62 0 88 91 69 0 92 94 71 0 93 94 69 0 88 89 64 0 88 88 64 0 87 89 66 0 88 91 68 0 92 93 71 0 89 92 70 0 81 86 64 0 77 82 61 0 76 81 61 0 77 81 62 0 73 77 60 0 70 73 57 0 72 76 59 0 74 77 60 0 67 69 55 0 57 60 45 0 67 70 53 0 66 69 51 0 59 62 46 0 71 76 59 0 84 89 73 0 72 75 65 0 27 29 24 0 27 28 25 0 26 27 24 0 24 25 22 0 23 24 21 0 27 28 25 0 24 25 21 0 20 21 18 0 20 21 19 0 21 21 20 0 18 19 17 0 18 19 17 0 19 20 18 0 20 21 19 0 27 28 26 0 31 33 28 0 35 37 31 0 29 31 27 0 24 25 21 0 26 27 24 0 28 27 32 0 42 37 56 0 52 44 74 0 57 50 85 0 58 50 87 0 68 59 100 0 67 57 99 0 58 49 90 0 57 49 89 0 56 48 86 0 53 46 82 0 47 40 73 0 39 35 63 0 38 32 59 0 38 31 57 0 36 31 55 0 35 28 51 0 33 27 49 0 34 28 49 0 34 28 44 0 29 25 38 0 23 21 29 0 22 21 25 0 22 21 23 0 22 21 24 0 18 21 25 0 70 84 92 0 102 126 139 0 94 119 136 0 92 117 133 0 89 114 131 0 87 112 129 0 87 111 128 0 91 111 128 0 96 115 129 0 102 121 129 0 103 121 127 0 97 114 118 0 81 93 97 0 63 73 78 0 48 54 59 0 36 40 42 0 
44 45 40 0 46 47 43 0 49 49 46 0 43 45 41 0 41 43 39 0 42 43 40 0 40 42 38 0 45 45 42 0 54 56 50 0 117 121 109 0 108 113 95 0 70 72 55 0 67 71 59 0 75 80 70 0 65 70 63 0 108 113 108 0 113 118 113 0 76 80 74 0 121 123 120 0 127 128 125 0 41 42 36 0 49 50 40 0 61 64 48 0 56 59 43 0 43 46 33 0 33 35 26 0 30 31 22 0 44 45 35 0 49 51 37 0 52 55 38 0 50 53 36 0 46 49 34 0 62 65 50 0 68 71 55 0 67 70 52 0 77 82 62 0 75 79 59 0 71 74 53 0 75 78 56 0 77 80 58 0 79 83 60 0 84 88 66 0 88 91 68 0 88 91 68 0 83 84 64 0 83 85 64 0 83 84 64 0 84 86 65 0 88 90 69 0 83 86 65 0 76 79 59 0 73 77 58 0 73 78 59 0 72 76 59 0 69 73 55 0 66 70 53 0 71 74 57 0 70 73 57 0 64 67 55 0 56 60 48 0 60 64 49 0 62 67 51 0 58 63 47 0 68 72 56 0 85 89 72 0 63 66 55 0 28 31 24 0 28 29 25 0 26 27 23 0 24 25 21 0 22 23 20 0 23 24 22 0 22 23 21 0 19 20 18 0 20 21 20 0 21 21 20 0 17 17 17 0 16 17 15 0 18 18 17 0 17 18 17 0 20 21 20 0 22 22 22 0 23 24 22 0 25 26 24 0 26 27 24 0 25 26 24 0 28 26 33 0 43 38 59 0 54 45 78 0 58 48 85 0 60 52 91 0 68 60 101 0 64 55 97 0 57 49 89 0 58 48 88 0 55 46 85 0 51 44 80 0 46 39 73 0 39 33 63 0 37 31 57 0 38 31 55 0 36 30 53 0 36 29 52 0 35 28 50 0 34 27 47 0 32 27 43 0 31 26 39 0 25 22 30 0 21 20 24 0 23 21 25 0 22 21 25 0 16 20 25 0 70 84 93 0 101 126 138 0 93 120 135 0 93 120 134 0 91 118 133 0 93 116 133 0 99 121 137 0 108 130 140 0 116 137 142 0 125 146 148 0 128 148 150 0 121 140 141 0 109 124 127 0 82 94 99 0 52 62 65 0 38 46 47 0 
49 51 49 0 62 65 67 0 61 65 71 0 46 49 52 0 40 41 38 0 40 41 36 0 39 40 35 0 38 39 35 0 48 49 44 0 102 105 95 0 101 104 91 0 63 65 54 0 65 69 59 0 64 69 59 0 101 109 98 0 142 149 141 0 84 91 87 0 114 124 123 0 109 119 119 0 76 81 80 0 48 49 48 0 41 42 37 0 61 63 52 0 58 61 48 0 45 47 35 0 32 35 26 0 29 30 23 0 41 42 33 0 46 47 36 0 52 55 40 0 48 50 36 0 46 48 36 0 65 68 53 0 64 67 50 0 73 77 57 0 76 80 60 0 68 72 52 0 67 69 50 0 73 75 55 0 74 76 56 0 78 80 61 0 85 87 66 0 86 88 67 0 82 85 63 0 78 79 59 0 78 80 59 0 77 78 59 0 80 82 62 0 82 84 64 0 79 81 61 0 73 75 56 0 71 73 54 0 72 75 58 0 68 71 55 0 65 67 50 0 65 67 50 0 68 71 55 0 66 69 54 0 58 63 49 0 52 56 44 0 62 64 51 0 66 70 55 0 61 64 50 0 68 71 57 0 80 85 70 0 59 62 49 0 30 33 24 0 30 32 27 0 28 29 24 0 25 26 23 0 23 24 22 0 24 25 23 0 21 22 21 0 19 19 19 0 20 20 20 0 19 19 19 0 17 17 17 0 16 16 16 0 16 16 16 0 16 16 16 0 18 18 18 0 20 21 20 0 23 23 22 0 25 25 23 0 25 26 24 0 24 24 24 0 28 26 33 0 45 39 62 0 55 48 82 0 56 48 88 0 63 53 95 0 69 59 101 0 62 52 94 0 57 47 89 0 57 47 87 0 54 45 82 0 52 43 79 0 48 39 73 0 39 32 62 0 38 32 58 0 37 31 55 0 34 29 52 0 37 30 52 0 36 30 49 0 33 27 43 0 31 26 42 0 30 26 39 0 26 24 32 0 22 21 25 0 20 19 22 0 22 21 23 0 17 19 24 0 71 82 93 0 100 123 138 0 94 119 135 0 95 119 135 0 95 119 135 0 100 125 140 0 110 134 147 0 127 148 158 0 137 158 163 0 140 159 162 0 139 157 162 0 132 149 155 0 122 138 144 0 101 116 120 0 65 78 80 0 41 52 52 0 
66 76 79 0 67 75 83 0 52 58 65 0 39 43 45 0 43 46 47 0 51 54 56 0 41 43 43 0 37 38 37 0 35 36 34 0 94 96 87 0 91 93 80 0 60 61 52 0 70 72 66 0 85 92 86 0 122 130 124 0 91 100 95 0 84 94 92 0 76 85 82 0 47 52 47 0 39 41 34 0 46 48 44 0 89 94 91 0 61 66 58 0 57 61 49 0 46 50 37 0 32 33 26 0 27 27 23 0 40 42 33 0 46 48 36 0 51 54 39 0 47 50 36 0 55 57 45 0 67 70 54 0 65 69 52 0 77 80 63 0 72 76 57 0 63 66 50 0 64 67 50 0 66 70 50 0 67 70 50 0 78 79 60 0 83 86 64 0 83 85 63 0 78 81 58 0 74 77 54 0 74 77 54 0 73 75 54 0 77 79 59 0 81 82 62 0 75 77 57 0 68 70 50 0 67 71 52 0 69 72 56 0 63 67 52 0 61 64 50 0 63 65 51 0 65 68 54 0 62 65 51 0 53 58 44 0 57 61 49 0 62 66 54 0 63 66 54 0 64 66 54 0 71 74 59 0 82 86 69 0 63 68 54 0 34 37 28 0 34 36 30 0 30 32 26 0 26 27 23 0 24 25 21 0 25 26 23 0 20 20 19 0 18 18 19 0 18 18 18 0 17 17 17 0 16 16 16 0 16 16 16 0 16 16 15 0 16 16 16 0 18 18 18 0 19 19 19 0 21 21 21 0 23 24 22 0 25 26 23 0 23 24 23 0 29 27 33 0 48 42 65 0 57 49 83 0 56 48 84 0 65 56 96 0 68 58 101 0 60 51 93 0 56 48 87 0 55 47 84 0 52 44 81 0 53 42 80 0 50 40 74 0 39 31 61 0 39 33 58 0 37 31 54 0 33 29 50 0 36 29 51 0 37 30 50 0 34 28 46 0 32 27 42 0 29 25 37 0 29 24 35 0 25 22 31 0 20 19 23 0 21 20 22 0 16 18 22 0 68 80 89 0 99 121 135 0 92 117 133 0 95 119 135 0 98 124 139 0 107 134 146 0 122 146 156 0 133 155 162 0 139 160 167 0 140 161 167 0 137 158 164 0 135 153 161 0 121 139 147 0 99 118 124 0 75 92 97 0 46 59 63 0 
68 79 90 0 65 75 89 0 60 66 78 0 45 49 55 0 54 60 69 0 60 66 79 0 46 49 56 0 48 48 47 0 77 78 71 0 118 120 105 0 79 79 65 0 60 62 54 0 64 70 65 0 102 113 113 0 91 105 109 0 88 101 104 0 90 102 102 0 51 58 55 0 44 46 41 0 42 44 39 0 52 61 60 0 150 166 168 0 88 100 98 0 53 59 50 0 46 49 39 0 29 30 25 0 26 25 22 0 39 41 33 0 47 50 38 0 48 52 39 0 41 45 31 0 58 62 46 0 66 68 52 0 71 73 57 0 75 78 60 0 65 70 50 0 61 65 47 0 64 67 50 0 65 68 50 0 65 69 49 0 75 77 57 0 80 82 60 0 80 82 61 0 74 76 55 0 71 74 52 0 71 75 52 0 72 75 54 0 77 79 59 0 79 80 62 0 71 73 54 0 64 67 49 0 66 69 53 0 66 69 54 0 60 63 49 0 57 60 46 0 60 62 49 0 64 67 52 0 58 62 47 0 45 48 37 0 57 59 49 0 61 64 51 0 58 60 46 0 65 69 54 0 69 72 59 0 56 58 48 0 45 46 37 0 36 39 31 0 34 36 30 0 32 34 28 0 28 29 25 0 25 26 21 0 27 28 25 0 20 21 20 0 17 18 17 0 17 18 16 0 17 17 16 0 16 17 16 0 15 16 15 0 14 15 13 0 16 16 16 0 17 17 17 0 18 18 18 0 20 20 20 0 22 22 22 0 23 24 22 0 23 23 22 0 32 29 38 0 53 47 75 0 56 49 85 0 57 49 86 0 66 57 98 0 65 56 98 0 58 49 91 0 57 48 88 0 55 45 83 0 51 42 78 0 49 42 77 0 47 40 72 0 39 32 61 0 38 32 55 0 36 30 51 0 35 29 49 0 35 29 49 0 36 30 50 0 35 29 48 0 32 26 43 0 30 26 38 0 28 25 35 0 26 23 32 0 21 20 24 0 21 19 21 0 15 17 20 0 65 78 85 0 96 120 133 0 90 116 130 0 95 121 135 0 102 128 141 0 114 140 152 0 128 152 161 0 132 155 164 0 135 159 167 0 140 160 167 0 139 157 164 0 137 154 160 0 125 142 148 0 102 120 125 0 79 96 101 0 54 67 76 0 
61 74 87 0 65 78 93 0 61 73 86 0 59 68 80 0 63 71 84 0 57 64 75 0 93 98 101 0 153 157 148 0 158 163 147 0 139 145 128 0 126 131 116 0 123 128 116 0 118 125 114 0 121 133 130 0 94 106 118 0 67 77 82 0 59 64 63 0 46 48 44 0 40 41 36 0 35 36 34 0 62 71 76 0 156 182 191 0 110 134 140 0 55 67 67 0 39 44 39 0 27 28 23 0 23 25 20 0 37 41 32 0 50 53 40 0 45 48 36 0 44 45 34 0 64 66 52 0 68 70 53 0 76 78 61 0 69 72 55 0 62 65 48 0 60 63 46 0 64 66 50 0 65 66 49 0 65 69 50 0 70 76 54 0 75 80 57 0 76 79 58 0 70 74 53 0 69 72 53 0 67 70 52 0 68 72 54 0 74 77 58 0 78 78 60 0 68 70 51 0 61 67 48 0 63 67 51 0 63 66 50 0 58 62 46 0 55 58 43 0 56 60 46 0 61 65 52 0 57 60 47 0 40 41 31 0 51 53 43 0 57 61 49 0 57 61 47 0 56 60 48 0 41 44 35 0 36 37 29 0 37 39 32 0 36 38 31 0 35 37 30 0 33 35 27 0 29 32 23 0 28 30 23 0 30 32 27 0 21 22 20 0 18 19 18 0 17 17 17 0 16 17 15 0 15 16 15 0 15 16 14 0 14 14 14 0 15 15 15 0 16 16 16 0 18 18 18 0 20 20 20 0 21 22 20 0 23 24 22 0 23 23 23 0 35 31 42 0 57 50 81 0 55 46 85 0 61 50 90 0 68 57 99 0 62 52 94 0 56 47 86 0 58 48 86 0 56 44 83 0 52 41 78 0 51 41 76 0 46 40 72 0 40 33 61 0 36 30 53 0 37 31 51 0 36 30 49 0 37 31 49 0 37 30 51 0 37 30 51 0 35 29 47 0 31 26 41 0 29 25 36 0 27 24 32 0 22 21 24 0 20 19 20 0 13 14 18 0 61 72 78 0 99 119 130 0 93 116 131 0 97 121 135 0 104 130 143 0 117 143 156 0 127 153 163 0 130 154 164 0 134 158 167 0 140 161 168 0 143 160 164 0 140 157 158 0 127 146 147 0 105 124 128 0 78 96 103 0 54 72 80 0 
58 67 78 0 61 71 85 0 59 71 87 0 64 76 94 0 59 68 84 0 57 64 69 0 150 157 150 0 164 172 159 0 159 166 153 0 154 161 148 0 145 151 139 0 143 150 140 0 139 148 138 0 143 153 145 0 87 93 95 0 53 57 59 0 58 61 60 0 46 48 44 0 41 43 38 0 31 34 31 0 85 99 105 0 156 186 199 0 116 144 157 0 97 119 127 0 85 97 100 0 37 41 41 0 21 22 20 0 34 36 30 0 50 52 41 0 39 41 28 0 48 50 37 0 66 70 53 0 71 76 57 0 72 76 59 0 64 67 52 0 56 59 44 0 59 60 46 0 64 66 51 0 62 64 47 0 66 69 49 0 72 76 53 0 74 76 55 0 72 75 55 0 66 68 50 0 67 68 52 0 66 67 51 0 68 69 52 0 71 74 55 0 73 77 58 0 64 68 50 0 58 63 45 0 61 64 49 0 63 66 50 0 55 59 44 0 51 56 43 0 53 57 45 0 57 61 49 0 52 56 45 0 37 40 30 0 48 49 39 0 56 60 50 0 49 52 44 0 41 41 34 0 46 46 38 0 37 38 30 0 40 39 32 0 40 40 32 0 35 36 28 0 35 36 27 0 31 33 25 0 30 33 24 0 33 35 27 0 22 23 20 0 19 19 18 0 16 16 16 0 15 15 15 0 15 15 15 0 15 15 15 0 15 15 15 0 16 16 16 0 17 17 17 0 18 18 18 0 20 20 19 0 21 22 21 0 23 24 22 0 23 22 23 0 35 31 42 0 58 50 79 0 56 45 82 0 61 52 90 0 67 58 97 0 61 52 92 0 55 47 83 0 57 48 84 0 52 43 80 0 49 41 77 0 50 41 76 0 48 40 73 0 40 33 62 0 36 29 52 0 37 31 50 0 38 31 51 0 38 31 52 0 36 29 52 0 37 30 52 0 37 30 50 0 33 27 44 0 30 25 41 0 28 24 36 0 25 22 30 0 21 20 23 0 13 14 16 0 59 69 76 0 97 117 128 0 88 112 124 0 95 120 133 0 105 132 145 0 115 143 154 0 125 150 161 0 131 153 165 0 137 159 167 0 146 166 171 0 148 165 169 0 145 161 163 0 133 151 153 0 107 127 132 0 80 99 108 0 53 71 82 0 
56 63 72 0 60 67 80 0 62 70 89 0 58 67 87 0 47 56 72 0 94 103 107 0 165 173 164 0 158 165 153 0 159 164 154 0 157 163 150 0 155 161 145 0 151 157 143 0 143 150 137 0 144 151 143 0 104 112 111 0 80 86 84 0 54 55 51 0 49 50 47 0 39 41 36 0 30 34 33 0 116 135 144 0 153 185 199 0 134 168 181 0 134 167 178 0 110 136 143 0 45 57 60 0 24 27 26 0 34 35 31 0 39 42 35 0 32 34 24 0 56 58 46 0 69 72 56 0 70 73 56 0 65 68 52 0 59 62 48 0 54 56 43 0 58 60 46 0 60 63 48 0 60 63 47 0 65 69 49 0 68 72 51 0 70 74 54 0 67 71 53 0 63 64 49 0 63 65 50 0 63 65 48 0 65 67 51 0 70 72 55 0 69 73 56 0 62 65 50 0 57 60 45 0 58 61 46 0 61 63 50 0 53 56 45 0 50 54 42 0 52 56 44 0 57 61 49 0 47 51 40 0 36 39 30 0 48 51 42 0 48 51 45 0 37 38 35 0 57 59 52 0 70 71 59 0 57 57 45 0 59 56 46 0 56 55 43 0 46 48 36 0 36 38 28 0 30 32 24 0 31 34 26 0 35 37 31 0 21 22 20 0 18 18 17 0 16 16 16 0 15 15 15 0 15 15 15 0 15 15 15 0 15 15 15 0 16 16 16 0 17 17 17 0 18 18 18 0 21 20 21 0 22 22 21 0 23 23 23 0 25 25 25 0 34 31 42 0 53 46 74 0 54 46 82 0 62 54 93 0 65 56 97 0 60 51 92 0 55 45 84 0 54 46 84 0 52 44 81 0 49 41 78 0 47 40 75 0 50 41 76 0 42 34 64 0 37 29 54 0 37 29 52 0 39 31 54 0 37 31 55 0 35 30 53 0 35 28 51 0 34 28 48 0 29 25 41 0 30 25 39 0 27 23 34 0 27 24 34 0 25 22 29 0 13 13 18 0 56 65 73 0 94 114 127 0 84 109 121 0 93 119 131 0 106 132 145 0 114 140 153 0 124 149 161 0 131 155 167 0 138 160 170 0 151 168 175 0 159 173 177 0 154 169 172 0 143 160 163 0 117 135 140 0 85 102 109 0 54 72 75 0 
62 69 75 0 59 66 77 0 56 63 78 0 69 74 87 0 86 90 99 0 134 141 141 0 158 164 156 0 161 165 153 0 165 169 156 0 169 172 171 0 170 169 190 0 165 162 192 0 177 175 205 0 188 186 223 0 126 119 178 0 84 76 126 0 62 63 70 0 47 46 47 0 31 32 31 0 41 47 50 0 141 165 177 0 148 181 196 0 134 169 184 0 122 156 171 0 92 119 129 0 37 48 52 0 30 34 33 0 33 34 30 0 31 32 27 0 36 36 30 0 65 67 57 0 71 75 60 0 67 71 54 0 59 63 45 0 55 59 43 0 55 60 45 0 61 65 50 0 58 64 48 0 58 64 47 0 66 71 52 0 67 72 52 0 72 75 56 0 66 67 51 0 58 61 46 0 63 66 51 0 65 68 52 0 62 65 48 0 70 72 53 0 67 70 52 0 61 64 48 0 56 59 44 0 55 59 46 0 56 60 47 0 51 55 43 0 48 52 40 0 49 54 42 0 54 58 47 0 41 44 35 0 37 39 35 0 48 52 50 0 44 50 50 0 33 38 39 0 53 56 52 0 64 66 55 0 70 70 56 0 74 74 59 0 80 80 64 0 82 81 63 0 74 72 56 0 60 59 47 0 51 52 43 0 40 42 34 0 21 23 20 0 17 18 17 0 18 17 18 0 16 16 16 0 15 15 15 0 15 15 15 0 17 17 17 0 18 18 18 0 16 16 16 0 18 19 18 0 20 20 19 0 23 24 22 0 25 26 25 0 26 26 26 0 32 29 38 0 48 43 70 0 56 48 85 0 64 54 96 0 65 54 98 0 59 49 91 0 55 45 85 0 53 45 82 0 53 45 82 0 50 40 78 0 47 37 73 0 47 39 70 0 42 34 64 0 38 31 58 0 36 29 55 0 38 30 55 0 36 30 52 0 36 30 51 0 35 28 48 0 28 24 41 0 25 22 35 0 27 24 35 0 27 24 34 0 26 23 33 0 26 23 30 0 14 14 19 0 48 57 64 0 94 112 124 0 85 108 120 0 93 117 129 0 105 130 140 0 114 140 150 0 125 149 161 0 134 158 170 0 143 164 173 0 152 170 176 0 163 177 180 0 164 177 179 0 152 169 174 0 127 144 155 0 92 108 120 0 54 71 80 0 
50 55 57 0 59 63 68 0 103 108 108 0 187 193 186 0 197 202 192 0 195 200 189 0 192 197 183 0 163 166 159 0 156 150 193 0 136 125 202 0 132 117 214 0 118 103 202 0 117 104 202 0 128 114 210 0 104 89 187 0 80 65 152 0 49 50 74 0 40 40 47 0 29 28 30 0 69 78 84 0 157 185 199 0 137 172 188 0 119 155 171 0 109 142 158 0 79 103 114 0 33 41 44 0 30 32 31 0 30 31 27 0 29 31 25 0 44 46 38 0 62 66 55 0 63 68 54 0 61 65 52 0 56 59 45 0 52 57 41 0 55 59 43 0 61 64 48 0 59 64 47 0 59 64 46 0 66 69 52 0 67 71 52 0 69 72 52 0 64 67 49 0 57 60 44 0 56 59 43 0 56 59 43 0 63 62 48 0 68 67 53 0 64 65 50 0 57 59 45 0 53 55 45 0 53 57 46 0 54 58 47 0 48 53 41 0 45 49 38 0 46 50 38 0 50 53 42 0 35 38 32 0 37 42 42 0 47 57 59 0 42 53 57 0 31 38 39 0 56 58 54 0 54 56 45 0 53 55 41 0 50 52 36 0 52 53 37 0 56 57 43 0 66 66 50 0 64 64 49 0 67 68 54 0 44 46 36 0 21 22 19 0 17 18 16 0 18 19 17 0 18 18 17 0 15 15 14 0 24 25 24 0 43 44 41 0 37 38 36 0 14 15 14 0 18 19 18 0 20 21 19 0 22 23 21 0 26 27 25 0 27 27 26 0 29 27 34 0 50 43 69 0 59 50 89 0 65 55 97 0 63 54 95 0 58 48 88 0 54 45 83 0 52 44 81 0 50 43 79 0 47 39 74 0 46 38 70 0 45 38 66 0 40 33 59 0 37 30 55 0 35 29 53 0 36 30 54 0 36 29 51 0 34 27 47 0 30 25 40 0 26 23 32 0 25 22 30 0 28 24 34 0 29 25 36 0 26 23 32 0 27 25 30 0 17 18 21 0 45 53 58 0 92 111 118 0 85 107 116 0 93 115 124 0 104 128 136 0 114 140 148 0 127 152 162 0 139 161 171 0 150 170 177 0 159 176 180 0 168 181 183 0 166 179 181 0 158 175 179 0 138 156 163 0 101 118 126 0 53 69 77 0 
95 100 99 0 110 117 113 0 149 157 148 0 194 204 195 0 204 216 209 0 202 213 206 0 209 220 203 0 139 133 174 0 115 95 203 0 104 88 194 0 102 86 191 0 103 87 193 0 99 84 191 0 93 78 185 0 92 78 179 0 83 67 157 0 48 46 74 0 40 39 46 0 30 31 35 0 116 133 143 0 158 191 206 0 129 163 181 0 105 139 156 0 98 129 144 0 61 81 91 0 39 46 49 0 54 56 54 0 26 26 23 0 34 35 28 0 55 57 46 0 62 68 52 0 61 65 48 0 56 59 44 0 53 55 42 0 51 56 40 0 56 59 44 0 60 63 47 0 58 61 45 0 61 65 49 0 65 67 51 0 66 68 49 0 66 69 51 0 60 63 47 0 55 58 44 0 52 57 42 0 53 56 42 0 59 62 47 0 64 67 52 0 59 62 47 0 52 55 40 0 48 52 39 0 51 54 41 0 53 55 43 0 46 48 37 0 42 44 34 0 44 47 38 0 45 48 40 0 31 35 32 0 39 46 48 0 55 67 74 0 52 64 73 0 48 56 61 0 63 66 65 0 54 56 46 0 53 55 43 0 49 49 37 0 48 47 35 0 51 51 39 0 53 55 41 0 44 47 32 0 44 46 33 0 33 36 28 0 22 23 21 0 17 18 16 0 18 19 17 0 16 17 15 0 14 15 13 0 25 26 24 0 58 60 55 0 57 59 53 0 16 17 15 0 17 18 17 0 20 21 19 0 22 23 20 0 25 26 24 0 27 28 26 0 32 31 37 0 52 45 72 0 60 52 90 0 64 54 94 0 60 50 89 0 57 46 85 0 54 43 81 0 51 43 80 0 47 41 76 0 46 39 71 0 46 38 67 0 44 36 66 0 40 33 61 0 37 29 54 0 37 29 52 0 36 30 49 0 32 26 44 0 29 25 39 0 28 24 36 0 26 23 32 0 27 24 33 0 29 25 36 0 28 24 35 0 26 23 32 0 27 24 32 0 18 18 25 0 40 48 55 0 90 108 118 0 85 104 114 0 91 112 119 0 100 125 134 0 111 137 148 0 127 151 163 0 143 164 173 0 159 177 183 0 169 183 186 0 173 185 187 0 168 182 183 0 158 176 181 0 139 161 168 0 108 129 136 0 58 76 83 0 
153 166 164 0 145 156 152 0 131 138 132 0 170 179 174 0 179 189 186 0 169 180 172 0 163 168 183 0 121 103 200 0 109 94 196 0 110 94 198 0 105 89 196 0 99 85 192 0 98 84 191 0 96 81 189 0 93 78 182 0 85 70 162 0 60 53 100 0 34 33 46 0 55 59 70 0 163 185 200 0 152 183 202 0 125 155 174 0 97 127 146 0 88 114 130 0 42 59 68 0 82 91 92 0 100 106 102 0 13 16 11 0 41 42 34 0 61 62 51 0 63 65 51 0 59 62 47 0 53 56 40 0 50 53 39 0 50 53 39 0 56 58 43 0 58 61 47 0 58 62 45 0 62 65 48 0 66 69 50 0 65 68 48 0 65 69 51 0 56 60 46 0 52 54 43 0 51 53 41 0 52 55 42 0 57 60 45 0 61 64 48 0 54 58 43 0 48 51 36 0 46 49 35 0 48 51 38 0 49 52 42 0 44 46 36 0 39 41 34 0 44 44 40 0 42 45 42 0 29 35 35 0 69 83 89 0 117 140 152 0 104 128 145 0 86 103 117 0 72 80 80 0 60 63 52 0 52 53 40 0 53 53 39 0 53 53 39 0 58 58 45 0 48 50 36 0 43 45 32 0 52 53 42 0 35 35 27 0 22 23 20 0 18 19 18 0 16 17 15 0 16 16 16 0 14 14 14 0 25 25 23 0 50 51 48 0 28 29 25 0 15 16 13 0 17 18 16 0 21 22 20 0 23 24 22 0 24 25 22 0 24 25 23 0 33 30 38 0 54 46 73 0 63 53 89 0 63 52 91 0 60 49 88 0 56 44 83 0 52 41 79 0 49 39 75 0 49 40 76 0 46 38 71 0 43 35 66 0 43 36 67 0 41 34 63 0 35 30 53 0 35 29 48 0 33 27 44 0 29 24 38 0 28 24 36 0 29 25 39 0 30 25 38 0 30 25 38 0 29 25 37 0 28 25 35 0 26 23 33 0 26 23 32 0 20 19 28 0 37 43 54 0 89 106 117 0 83 103 113 0 87 108 117 0 95 119 129 0 109 135 148 0 132 156 167 0 152 173 180 0 166 182 188 0 174 187 191 0 175 187 189 0 172 183 186 0 161 175 180 0 140 158 168 0 111 131 145 0 63 81 95 0 
127 143 140 0 116 127 121 0 132 137 132 0 161 168 167 0 158 166 166 0 159 170 165 0 139 129 194 0 112 92 201 0 106 91 195 0 105 89 196 0 99 83 190 0 100 83 192 0 100 85 194 0 94 79 186 0 93 79 183 0 89 75 171 0 72 61 130 0 36 37 65 0 117 130 150 0 172 200 220 0 149 180 201 0 126 156 175 0 102 129 147 0 81 104 116 0 33 51 55 0 117 129 128 0 64 72 68 0 19 23 17 0 49 52 42 0 62 64 54 0 57 59 49 0 51 53 42 0 48 51 39 0 49 52 39 0 52 54 40 0 54 58 43 0 59 61 46 0 60 62 47 0 63 65 50 0 63 65 50 0 64 67 51 0 60 64 48 0 53 58 42 0 49 53 40 0 48 51 38 0 51 54 39 0 58 61 46 0 60 64 47 0 52 56 38 0 46 49 34 0 44 47 35 0 47 49 38 0 49 50 40 0 41 43 33 0 37 40 33 0 42 44 38 0 37 40 37 0 32 42 44 0 85 109 121 0 132 165 183 0 136 172 191 0 112 140 160 0 79 90 93 0 74 76 63 0 72 74 58 0 68 69 52 0 60 64 45 0 60 63 46 0 46 49 34 0 43 45 29 0 62 64 49 0 37 38 29 0 22 23 19 0 20 21 19 0 15 16 14 0 17 18 16 0 17 18 16 0 18 18 17 0 17 17 17 0 16 16 16 0 16 16 16 0 16 16 15 0 21 22 20 0 24 25 23 0 25 26 24 0 24 25 23 0 34 31 39 0 56 48 75 0 65 54 93 0 62 51 91 0 57 48 87 0 53 44 82 0 48 40 75 0 45 38 69 0 45 39 69 0 44 39 68 0 41 36 64 0 41 35 62 0 39 32 58 0 34 29 47 0 30 26 39 0 30 25 38 0 29 24 37 0 30 26 39 0 30 25 41 0 31 25 42 0 30 26 39 0 30 25 38 0 30 26 38 0 28 24 35 0 27 23 33 0 22 19 29 0 35 40 48 0 89 106 113 0 83 102 110 0 85 105 115 0 92 116 125 0 113 140 149 0 139 164 171 0 157 177 183 0 167 183 189 0 174 187 194 0 174 186 190 0 171 182 187 0 161 174 183 0 139 157 170 0 107 129 144 0 72 89 105 0 
86 96 93 0 105 113 104 0 144 151 143 0 159 167 167 0 159 169 164 0 150 155 177 0 121 102 204 0 108 91 196 0 107 90 197 0 105 88 196 0 104 86 195 0 103 86 194 0 93 79 185 0 93 79 185 0 94 80 183 0 91 78 176 0 72 63 139 0 62 67 106 0 162 182 208 0 167 196 220 0 150 183 204 0 129 162 180 0 111 142 159 0 78 102 115 0 40 58 62 0 91 102 98 0 46 51 43 0 41 44 33 0 59 64 49 0 59 62 47 0 51 55 42 0 46 49 38 0 46 48 37 0 47 49 39 0 51 54 42 0 57 60 45 0 61 62 47 0 61 62 46 0 61 63 48 0 59 63 47 0 63 66 49 0 59 62 45 0 52 54 40 0 49 50 39 0 47 50 37 0 49 52 38 0 56 59 43 0 58 61 43 0 50 54 39 0 43 47 35 0 39 44 33 0 45 47 37 0 47 48 39 0 40 41 34 0 35 38 32 0 39 41 35 0 31 35 31 0 35 44 48 0 73 94 109 0 118 150 170 0 141 175 197 0 136 169 190 0 76 92 99 0 68 68 59 0 85 84 71 0 90 89 74 0 85 84 67 0 87 87 68 0 71 71 53 0 55 57 38 0 70 72 55 0 48 49 39 0 22 23 18 0 21 22 18 0 13 14 12 0 32 33 31 0 28 29 26 0 17 18 15 0 20 21 19 0 20 20 20 0 16 16 16 0 16 16 15 0 20 21 19 0 24 25 23 0 26 27 24 0 27 27 26 0 38 35 47 0 58 50 81 0 63 52 91 0 57 49 87 0 55 48 83 0 49 43 75 0 47 41 73 0 44 39 69 0 43 38 68 0 43 37 67 0 41 36 64 0 40 34 61 0 37 32 55 0 33 27 45 0 30 25 39 0 29 25 37 0 29 25 36 0 32 27 39 0 32 28 40 0 32 27 42 0 30 26 40 0 30 26 39 0 29 25 38 0 28 24 35 0 28 24 33 0 23 22 29 0 34 39 47 0 90 106 114 0 84 104 110 0 84 106 112 0 98 121 130 0 126 151 161 0 146 170 179 0 156 178 185 0 164 183 189 0 172 188 195 0 175 190 196 0 169 183 188 0 159 175 181 0 136 158 168 0 102 127 140 0 72 95 107 0 
93 102 96 0 115 122 114 0 153 160 153 0 164 173 171 0 163 174 170 0 135 123 200 0 112 93 204 0 106 90 197 0 109 93 200 0 105 88 197 0 93 80 188 0 91 79 184 0 89 75 180 0 97 83 189 0 94 81 184 0 91 80 177 0 69 61 145 0 94 104 149 0 177 203 230 0 171 202 226 0 151 184 205 0 129 163 180 0 121 152 168 0 84 106 117 0 53 66 67 0 86 92 83 0 60 64 49 0 64 68 52 0 61 66 49 0 53 56 41 0 49 52 37 0 44 46 34 0 44 46 34 0 46 47 37 0 52 54 43 0 60 60 48 0 59 59 45 0 58 60 45 0 60 61 46 0 60 62 45 0 63 66 48 0 55 59 41 0 46 50 36 0 45 48 36 0 45 49 37 0 47 52 38 0 55 58 43 0 56 59 42 0 49 51 36 0 43 45 34 0 41 43 33 0 44 45 35 0 45 46 37 0 38 39 33 0 35 37 32 0 38 39 36 0 24 28 27 0 34 43 49 0 55 73 90 0 104 133 155 0 136 170 194 0 145 181 204 0 94 114 126 0 50 52 46 0 58 58 46 0 68 67 52 0 73 72 56 0 56 57 42 0 51 52 40 0 44 44 33 0 54 54 42 0 73 74 63 0 27 28 23 0 17 18 16 0 13 14 12 0 35 38 37 0 48 51 49 0 15 16 15 0 17 18 17 0 16 16 16 0 16 15 16 0 17 17 17 0 20 21 19 0 25 26 23 0 26 27 24 0 28 27 29 0 44 38 56 0 59 51 84 0 60 50 88 0 57 47 84 0 53 43 79 0 49 40 75 0 46 40 73 0 44 38 70 0 45 37 69 0 44 35 67 0 41 33 63 0 40 34 60 0 37 31 54 0 31 26 43 0 29 25 37 0 30 26 38 0 32 28 41 0 33 29 44 0 32 28 43 0 31 27 41 0 29 25 37 0 29 25 36 0 28 25 35 0 27 23 34 0 27 25 32 0 24 24 29 0 30 36 44 0 90 105 116 0 88 108 115 0 89 109 115 0 114 135 143 0 137 162 172 0 148 172 180 0 160 179 186 0 170 186 194 0 175 189 195 0 176 190 193 0 167 183 185 0 152 171 176 0 133 154 166 0 98 122 137 0 65 89 102 0 
67 73 67 0 119 125 119 0 163 171 166 0 169 180 172 0 152 151 187 0 121 101 210 0 109 93 199 0 108 93 201 0 108 93 202 0 92 78 187 0 94 80 186 0 83 69 174 0 96 82 188 0 97 83 188 0 91 78 180 0 90 79 176 0 73 66 159 0 129 144 191 0 178 212 233 0 174 211 236 0 160 196 216 0 137 171 187 0 133 166 179 0 86 110 118 0 72 85 82 0 94 102 88 0 61 68 50 0 66 71 54 0 57 60 45 0 49 51 38 0 43 46 33 0 42 45 33 0 45 47 35 0 47 50 38 0 54 57 45 0 57 60 46 0 54 57 42 0 59 60 48 0 60 60 47 0 59 60 45 0 62 64 48 0 52 54 39 0 45 48 34 0 42 45 34 0 45 47 36 0 48 50 37 0 54 57 41 0 53 56 42 0 45 49 36 0 41 43 34 0 41 42 33 0 44 44 36 0 43 44 35 0 38 37 31 0 35 37 31 0 35 36 33 0 21 23 22 0 35 45 49 0 49 68 81 0 99 126 147 0 138 171 196 0 145 181 206 0 112 137 152 0 53 56 54 0 58 59 48 0 57 59 46 0 60 62 48 0 47 47 36 0 32 32 24 0 42 43 35 0 38 38 30 0 56 57 46 0 51 53 44 0 21 22 19 0 13 14 12 0 37 41 37 0 72 78 74 0 26 28 26 0 22 21 22 0 21 21 21 0 20 20 20 0 17 18 17 0 20 21 18 0 24 25 23 0 27 28 26 0 29 28 31 0 46 40 61 0 57 49 82 0 57 48 86 0 55 46 83 0 51 43 76 0 48 41 73 0 46 39 71 0 44 37 67 0 43 35 64 0 42 35 64 0 41 34 61 0 39 33 57 0 36 31 51 0 31 26 41 0 30 26 37 0 32 28 41 0 35 29 47 0 35 30 49 0 33 28 46 0 30 26 41 0 28 24 36 0 29 25 37 0 27 23 35 0 27 23 34 0 29 26 35 0 26 23 33 0 28 33 44 0 88 103 114 0 92 113 120 0 95 117 120 0 127 148 153 0 145 169 176 0 152 175 181 0 163 180 186 0 171 185 192 0 178 191 197 0 176 192 196 0 166 183 186 0 148 169 174 0 129 151 163 0 95 118 136 0 62 83 100 0 
84 87 78 0 131 135 127 0 164 174 168 0 163 174 174 0 135 120 204 0 114 96 204 0 108 92 200 0 110 96 203 0 84 71 176 0 87 75 179 0 86 73 177 0 93 79 184 0 101 87 192 0 91 77 180 0 93 81 181 0 92 80 178 0 83 76 168 0 152 174 209 0 175 211 238 0 171 210 238 0 161 199 222 0 149 184 202 0 149 182 195 0 88 113 120 0 71 88 85 0 76 86 75 0 61 67 50 0 61 67 49 0 53 56 43 0 46 48 37 0 41 45 34 0 43 46 35 0 49 52 40 0 54 56 44 0 57 60 46 0 55 59 43 0 55 59 44 0 57 60 46 0 56 59 44 0 55 58 43 0 58 61 45 0 50 53 37 0 45 47 35 0 43 45 34 0 44 46 36 0 47 48 38 0 52 54 43 0 53 54 43 0 43 44 34 0 38 42 32 0 40 41 32 0 43 44 34 0 40 43 33 0 35 37 30 0 35 37 32 0 32 32 30 0 19 22 21 0 41 49 53 0 67 84 97 0 116 142 163 0 150 181 206 0 148 181 207 0 121 150 168 0 62 68 66 0 65 68 54 0 57 61 45 0 59 62 46 0 75 77 58 0 63 64 47 0 61 62 47 0 43 45 33 0 29 31 22 0 26 28 22 0 27 28 25 0 14 14 12 0 49 53 48 0 92 98 91 0 30 34 32 0 24 26 26 0 24 25 25 0 23 23 23 0 18 18 18 0 20 21 19 0 24 24 23 0 26 26 24 0 34 33 38 0 50 43 67 0 56 47 81 0 55 46 82 0 52 44 79 0 48 40 73 0 46 39 72 0 44 37 69 0 42 36 66 0 42 35 64 0 38 34 61 0 40 35 62 0 39 32 58 0 36 29 52 0 34 28 48 0 35 29 46 0 34 29 46 0 36 29 49 0 34 28 48 0 32 26 44 0 30 24 41 0 29 25 39 0 30 25 38 0 28 24 35 0 29 26 35 0 30 27 36 0 26 24 33 0 29 34 41 0 86 102 109 0 97 118 126 0 105 128 134 0 134 158 164 0 146 170 177 0 155 177 183 0 166 182 188 0 172 186 191 0 176 191 193 0 173 188 192 0 164 179 185 0 146 165 173 0 121 145 157 0 93 117 131 0 60 80 96 0 
100 105 95 0 143 148 140 0 167 179 168 0 155 153 196 0 121 102 210 0 110 95 200 0 112 96 204 0 96 80 186 0 70 55 157 0 101 88 191 0 95 81 186 0 97 83 188 0 86 73 177 0 95 81 186 0 95 83 184 0 89 77 178 0 97 98 178 0 168 196 224 0 175 211 241 0 170 209 239 0 160 197 223 0 152 186 208 0 152 183 198 0 99 125 130 0 75 91 88 0 67 75 65 0 63 67 54 0 58 61 47 0 50 54 42 0 45 47 35 0 45 47 36 0 50 54 39 0 56 59 45 0 60 62 48 0 57 60 44 0 54 57 42 0 54 55 41 0 54 57 42 0 55 59 43 0 55 58 43 0 55 58 43 0 46 48 35 0 41 44 34 0 40 43 34 0 40 44 33 0 44 47 35 0 49 53 39 0 47 51 39 0 39 42 32 0 37 40 33 0 37 39 32 0 40 42 35 0 40 42 34 0 34 36 29 0 36 37 33 0 30 30 29 0 18 20 21 0 62 73 78 0 113 135 149 0 139 168 190 0 151 183 211 0 143 177 208 0 118 149 173 0 68 78 74 0 63 67 52 0 48 51 36 0 38 40 28 0 55 55 42 0 67 68 53 0 52 52 41 0 26 27 20 0 18 19 16 0 16 17 15 0 21 22 20 0 22 23 20 0 51 54 51 0 80 86 82 0 33 38 37 0 25 28 28 0 26 28 29 0 26 26 26 0 18 19 19 0 20 20 20 0 25 26 23 0 26 26 25 0 39 36 47 0 49 42 70 0 53 45 81 0 54 45 80 0 49 41 73 0 44 36 68 0 44 38 70 0 43 37 69 0 39 34 63 0 38 33 61 0 38 32 60 0 40 32 61 0 39 32 59 0 38 31 55 0 39 31 54 0 38 30 52 0 35 29 48 0 34 28 45 0 31 26 41 0 29 25 37 0 30 26 38 0 30 26 37 0 31 26 40 0 31 26 40 0 29 25 36 0 30 26 36 0 28 26 34 0 28 33 41 0 86 102 109 0 102 123 130 0 116 139 146 0 138 163 171 0 146 171 178 0 158 178 185 0 168 183 191 0 175 187 192 0 175 188 190 0 169 185 187 0 157 174 180 0 136 157 167 0 111 136 151 0 89 114 130 0 63 84 99 0 
111 119 109 0 144 152 144 0 158 169 171 0 136 123 212 0 112 96 204 0 111 96 203 0 112 96 204 0 68 54 156 0 91 77 180 0 103 89 195 0 80 68 171 0 78 66 167 0 96 83 186 0 95 80 186 0 95 81 184 0 85 74 177 0 117 126 190 0 177 209 231 0 172 210 238 0 168 207 235 0 159 196 221 0 151 185 206 0 146 179 194 0 103 128 134 0 68 82 78 0 65 71 59 0 62 66 50 0 52 56 39 0 49 53 36 0 50 52 38 0 52 54 41 0 54 59 42 0 60 63 46 0 60 63 47 0 58 60 46 0 55 58 44 0 53 55 42 0 54 57 43 0 54 57 42 0 54 56 44 0 52 54 42 0 43 44 33 0 39 41 31 0 39 41 33 0 39 42 32 0 42 47 34 0 46 52 37 0 45 49 38 0 39 41 32 0 36 38 31 0 35 37 31 0 39 39 34 0 38 39 34 0 33 34 31 0 35 36 34 0 28 28 27 0 18 22 23 0 104 121 128 0 140 170 185 0 141 175 197 0 146 181 209 0 134 172 201 0 106 139 164 0 60 71 69 0 46 48 38 0 37 40 29 0 38 39 29 0 47 47 35 0 70 70 56 0 45 46 36 0 22 22 19 0 27 28 24 0 31 32 27 0 28 29 25 0 23 24 20 0 54 55 49 0 93 98 90 0 47 51 47 0 27 28 29 0 30 32 33 0 28 31 30 0 20 22 21 0 20 21 20 0 25 26 23 0 26 26 26 0 40 38 51 0 44 39 69 0 50 43 79 0 51 43 79 0 49 42 76 0 44 37 68 0 43 37 65 0 41 35 63 0 40 34 62 0 40 34 60 0 38 31 55 0 39 33 55 0 39 33 56 0 39 32 53 0 38 32 52 0 37 30 51 0 35 28 46 0 33 27 43 0 31 27 39 0 31 27 38 0 30 27 36 0 29 26 34 0 29 25 36 0 29 26 36 0 30 26 37 0 29 25 37 0 29 26 37 0 28 31 41 0 87 101 110 0 107 129 134 0 124 147 153 0 138 164 172 0 146 172 179 0 156 177 183 0 164 182 188 0 171 187 191 0 171 186 191 0 164 180 186 0 149 168 175 0 127 150 161 0 101 127 140 0 84 107 119 0 68 88 99 0 
119 120 106 0 151 157 151 0 191 193 207 0 130 107 210 0 113 97 204 0 113 97 205 0 92 77 181 0 65 53 150 0 85 75 170 0 63 53 145 0 78 67 163 0 95 81 185 0 95 81 188 0 94 79 184 0 93 80 180 0 83 74 174 0 137 155 200 0 176 211 233 0 171 209 236 0 168 207 233 0 159 197 220 0 148 183 204 0 142 175 190 0 94 118 124 0 52 62 55 0 70 73 60 0 55 58 45 0 46 51 37 0 49 53 37 0 55 58 42 0 58 61 44 0 59 62 45 0 58 61 44 0 54 58 43 0 52 57 44 0 51 55 42 0 52 55 41 0 53 56 43 0 52 55 43 0 53 55 43 0 48 50 38 0 41 42 31 0 40 41 30 0 40 41 31 0 36 40 31 0 42 45 35 0 47 50 39 0 43 47 36 0 36 39 30 0 35 36 30 0 34 36 30 0 36 38 32 0 36 37 32 0 31 32 28 0 35 35 34 0 22 23 22 0 30 36 38 0 127 148 158 0 135 167 185 0 141 177 200 0 145 180 205 0 130 167 193 0 94 125 144 0 53 60 59 0 48 50 41 0 45 49 37 0 55 58 43 0 55 57 40 0 76 77 59 0 61 63 48 0 42 44 33 0 53 54 43 0 49 51 39 0 38 39 31 0 24 26 21 0 60 66 57 0 99 108 97 0 57 64 58 0 25 30 29 0 33 35 37 0 32 34 35 0 23 24 25 0 21 21 20 0 25 26 24 0 29 29 31 0 44 41 56 0 44 37 65 0 48 40 75 0 47 41 76 0 47 40 73 0 46 38 69 0 44 37 66 0 41 35 62 0 39 33 58 0 40 33 59 0 41 32 58 0 38 31 55 0 37 32 54 0 38 32 52 0 37 31 50 0 34 28 47 0 33 27 44 0 33 28 43 0 34 29 44 0 33 28 43 0 31 27 39 0 30 27 37 0 28 26 34 0 28 25 34 0 29 25 36 0 29 26 36 0 27 26 33 0 30 33 39 0 94 109 115 0 113 135 142 0 129 153 163 0 138 164 175 0 145 171 179 0 154 176 182 0 163 180 185 0 170 183 189 0 168 180 185 0 157 172 176 0 139 156 163 0 117 136 148 0 94 116 129 0 76 98 108 0 66 86 94 0 
124 121 110 0 176 185 179 0 245 249 246 0 168 154 209 0 111 89 199 0 108 94 196 0 72 59 155 0 71 59 150 0 66 55 141 0 84 71 165 0 95 81 186 0 92 78 186 0 91 77 183 0 90 77 179 0 86 74 172 0 84 80 170 0 154 180 210 0 176 211 234 0 170 209 235 0 168 206 233 0 161 196 220 0 147 181 200 0 135 168 181 0 89 109 113 0 65 72 63 0 61 66 53 0 49 52 41 0 45 49 38 0 45 50 37 0 53 55 43 0 59 61 49 0 59 62 49 0 57 61 45 0 54 57 42 0 50 54 39 0 53 56 42 0 53 55 41 0 51 55 42 0 50 54 40 0 52 54 41 0 45 47 36 0 39 39 32 0 38 38 32 0 37 39 30 0 36 40 30 0 40 44 33 0 46 49 39 0 40 43 34 0 34 37 30 0 34 36 29 0 32 34 27 0 34 36 30 0 34 35 30 0 30 31 27 0 33 34 32 0 16 17 17 0 56 66 72 0 131 157 171 0 132 166 188 0 143 178 203 0 140 176 200 0 122 159 184 0 82 110 129 0 48 54 50 0 55 58 46 0 55 59 45 0 61 63 46 0 55 57 37 0 82 83 60 0 77 78 56 0 63 64 46 0 58 60 43 0 45 48 35 0 38 40 31 0 29 33 24 0 51 58 48 0 65 73 66 0 38 44 42 0 31 35 36 0 33 36 40 0 31 34 38 0 23 25 26 0 22 22 22 0 24 24 24 0 34 34 37 0 46 44 60 0 41 34 61 0 45 37 68 0 45 39 71 0 46 39 72 0 43 37 69 0 46 39 69 0 43 36 63 0 40 33 58 0 40 33 58 0 39 33 58 0 40 33 58 0 35 30 51 0 35 30 51 0 36 30 51 0 34 28 47 0 34 28 46 0 34 29 47 0 33 27 45 0 33 27 43 0 33 28 44 0 32 27 42 0 29 26 37 0 29 25 36 0 29 26 37 0 30 26 36 0 26 25 32 0 32 36 41 0 99 115 121 0 121 143 150 0 133 158 168 0 140 164 175 0 148 170 178 0 154 176 180 0 162 179 182 0 165 181 184 0 158 174 179 0 142 161 169 0 123 146 158 0 106 127 141 0 88 106 117 0 74 91 97 0 65 83 88 0 
143 145 148 0 161 159 198 0 231 236 240 0 236 239 237 0 146 131 199 0 79 63 159 0 61 52 140 0 64 55 144 0 81 70 166 0 89 75 181 0 85 72 179 0 83 71 175 0 84 72 172 0 79 68 163 0 75 65 160 0 92 96 170 0 165 194 217 0 173 208 233 0 170 208 235 0 171 206 233 0 162 196 219 0 146 180 198 0 126 157 168 0 83 97 96 0 67 70 60 0 56 60 48 0 50 53 43 0 45 47 37 0 42 43 33 0 44 45 35 0 45 47 36 0 51 54 43 0 53 57 43 0 51 53 39 0 51 53 40 0 55 56 44 0 53 55 42 0 50 53 38 0 51 53 36 0 50 54 37 0 42 45 32 0 36 38 31 0 34 36 31 0 34 37 29 0 36 39 31 0 37 40 31 0 40 43 35 0 38 40 34 0 33 35 29 0 33 34 29 0 31 33 27 0 34 35 30 0 32 33 29 0 30 31 28 0 30 31 29 0 17 19 19 0 82 96 106 0 125 156 174 0 135 169 191 0 143 177 198 0 132 167 191 0 112 147 172 0 69 91 106 0 44 48 43 0 55 56 44 0 55 57 45 0 52 55 41 0 56 58 41 0 80 82 61 0 71 73 53 0 56 58 40 0 52 54 39 0 41 43 33 0 42 43 35 0 30 33 24 0 66 73 63 0 74 83 75 0 42 49 46 0 31 36 38 0 33 38 42 0 30 33 37 0 23 25 26 0 22 22 22 0 24 25 24 0 41 42 47 0 45 44 62 0 38 33 60 0 46 40 70 0 44 37 69 0 42 36 66 0 40 34 64 0 38 32 61 0 37 32 58 0 39 33 58 0 40 35 61 0 39 33 59 0 37 32 58 0 35 29 52 0 36 30 50 0 37 30 50 0 36 30 50 0 35 29 49 0 36 29 49 0 34 29 45 0 33 28 44 0 32 27 43 0 29 25 38 0 29 25 36 0 30 26 37 0 28 24 36 0 28 25 35 0 23 22 29 0 37 41 45 0 110 124 127 0 129 150 157 0 137 161 171 0 142 166 176 0 149 171 179 0 154 175 179 0 158 177 181 0 156 176 181 0 146 169 177 0 129 155 168 0 113 138 153 0 97 117 134 0 79 96 110 0 72 86 97 0 59 74 83 0 
143 143 186 0 118 100 205 0 161 159 211 0 234 244 238 0 179 179 194 0 83 71 141 0 61 52 135 0 67 57 150 0 84 73 173 0 77 64 166 0 74 61 162 0 82 70 168 0 76 65 160 0 80 70 161 0 73 64 159 0 108 115 180 0 168 200 220 0 172 207 233 0 171 209 235 0 171 206 232 0 162 195 217 0 146 179 196 0 115 143 151 0 69 80 77 0 58 61 51 0 51 55 44 0 46 49 39 0 47 49 40 0 44 43 35 0 41 41 32 0 47 48 37 0 48 50 38 0 49 50 39 0 47 49 38 0 51 53 41 0 52 54 42 0 50 52 41 0 48 50 38 0 50 52 39 0 49 52 39 0 41 43 33 0 35 38 30 0 33 35 30 0 33 35 29 0 35 37 31 0 37 40 31 0 39 42 33 0 38 39 33 0 31 33 28 0 31 31 27 0 30 31 27 0 33 34 30 0 30 32 28 0 30 31 29 0 28 28 27 0 24 29 31 0 91 114 126 0 125 159 178 0 136 170 190 0 140 173 191 0 124 158 181 0 100 131 156 0 56 71 81 0 47 49 41 0 58 57 46 0 54 53 42 0 41 42 32 0 42 42 31 0 70 70 54 0 67 67 49 0 51 52 36 0 46 47 36 0 43 44 35 0 44 44 35 0 36 37 28 0 40 44 37 0 49 55 50 0 52 58 56 0 30 35 38 0 33 40 45 0 30 34 37 0 23 25 26 0 21 21 21 0 24 25 25 0 49 50 56 0 43 41 60 0 39 33 61 0 49 41 72 0 44 34 65 0 40 32 60 0 39 32 59 0 36 29 54 0 35 29 53 0 37 32 56 0 38 32 56 0 36 32 57 0 34 29 56 0 36 29 54 0 36 29 50 0 35 29 48 0 37 30 51 0 37 30 52 0 37 30 51 0 36 30 48 0 33 28 44 0 30 28 41 0 28 25 36 0 28 25 34 0 26 23 33 0 26 22 32 0 27 24 32 0 21 20 25 0 38 45 48 0 112 132 134 0 130 153 161 0 138 162 174 0 144 166 177 0 152 172 180 0 156 175 180 0 154 173 179 0 150 171 178 0 139 163 174 0 123 146 162 0 110 128 143 0 95 111 123 0 78 95 105 0 65 82 91 0 55 71 78 0 
